trial,num_devices,total_samples,total_time_ms,avg_device_time_ms,max_device_time_ms,throughput_samples_per_sec,throughput_devices_per_sec,total_data_size_mb,data_throughput_mbps,avg_latency_per_sample_ms,avg_latency_per_device_ms,avg_data_generation_ms,avg_encryption_ms,avg_serialization_ms
1,1,10,52.61059998883866,51.83539999416098,51.83539999416098,190.07576423993456,19.007576423993456,3.188028335571289,508.3218972160278,5.261059998883866,52.61059998883866,0.10809999366756529,32.487799995578825,19.23950000491459
2,1,10,63.54550000105519,52.68549999163952,52.68549999163952,157.36755552846304,15.7367555528463,3.1880874633789062,420.85774759118925,6.354550000105519,63.54550000105519,0.1255999959539622,33.77159999217838,18.788300003507175
3,1,10,51.66230000031646,51.09000002266839,51.09000002266839,193.5647464386747,19.356474643867468,3.1874189376831055,517.5535738795255,5.166230000031646,51.66230000031646,0.09490000957157463,32.5825000036275,18.412600009469315
4,1,10,51.88439998892136,51.301300001796335,51.301300001796335,192.73615965753203,19.273615965753205,3.188197135925293,515.4639160462614,5.188439998892136,51.88439998892136,0.09359999967273325,31.436400007805787,19.771299994317815
5,1,10,58.94970000372268,58.36890001955908,58.36890001955908,169.63614741667047,16.963614741667044,3.187718391418457,453.61587927184246,5.894970000372268,58.94970000372268,0.08940001134760678,33.47070000017993,24.80880000803154
6,1,10,53.29749999509659,52.74670000653714,52.74670000653714,187.62606127717075,18.762606127717074,3.1885719299316406,501.8561846702155,5.329749999509659,53.29749999509659,0.0990999978967011,32.45850000530481,20.189100003335625
7,1,10,51.81340000126511,51.303000014740974,51.303000014740974,193.00026633565514,19.300026633565516,3.18851375579834,516.2215179730904,5.181340000126511,51.81340000126511,0.17250000382773578,31.560700008412823,19.569800002500415
8,1,10,56.38960000942461,55.841099994722754,55.841099994722754,177.3376650717271,17.733766507172707,3.187643051147461,474.1989302199494,5.638960000942461,56.38960000942461,0.08749999688006938,36.43239999655634,19.321200001286343
9,1,10,50.77649999293499,50.259099996765144,50.259099996765144,196.94149855526464,19.69414985552646,3.187551498413086,526.6042362849048,5.077649999293499,50.77649999293499,0.08650000381749123,31.519600001047365,18.652999991900288
10,1,10,50.834499998018146,50.26979999092873,50.26979999092873,196.71679667135243,19.67167966713524,3.1860218048095703,525.7509762276006,5.083449999801815,50.834499998018146,0.08620000153314322,32.083500002045184,18.100099987350404
1,5,50,266.2323000113247,120.80991999828257,195.04800000868272,187.80591234749934,18.780591234749938,15.939593315124512,502.23432691792976,5.324646000226494,53.24646000226494,41.88466000196058,41.59271999669727,37.332539999624714
2,5,50,263.5069999960251,88.664680000511,134.4193999975687,189.7482799347047,18.97482799347047,15.938220024108887,507.384927163289,5.270139999920502,52.70139999920502,20.314380002673715,42.58306000265293,25.767239995184354
3,5,50,288.3377999969525,122.79277999768965,182.46750000980683,173.40771831001157,17.34077183100116,15.940403938293457,463.7539719086893,5.7667559999390505,57.667559999390505,23.436020000372082,47.41494000190869,51.94181999540888
4,5,50,276.89470000041183,121.326659998158,203.3268999948632,180.57405938042743,18.05740593804274,15.941405296325684,482.94965559037826,5.537894000008237,55.378940000082366,28.397959997528233,56.09509999922011,36.83360000140965
5,5,50,279.86770001007244,103.35704000899568,161.86270001344383,178.65584345103238,17.86558434510324,15.939533233642578,477.76322882271785,5.597354000201449,55.97354000201449,21.190460000070743,45.36608000344131,36.80050000548363
6,5,50,279.1084999917075,105.21301999979187,117.19859999720939,179.14180328254255,17.914180328254254,15.940681457519531,479.09729730184824,5.58216999983415,55.8216999983415,14.687519997823983,43.66370000061579,46.861800001352094
7,5,50,281.0592000023462,109.72936000034679,146.00310000241734,177.89846409433534,17.789846409433533,15.939971923828125,475.75093076079276,5.621184000046924,56.21184000046924,18.18743999756407,51.85172000492457,39.690199997858144
8,5,50,272.54370000446215,96.47144000336993,107.12910001166165,183.45681811460472,18.34568181146047,15.938841819763184,490.5807619028103,5.450874000089243,54.50874000089243,15.85244000016246,36.975700000766665,43.64330000244081
9,5,50,267.7064000017708,133.53904000250623,207.2302000160562,186.77177684085723,18.67717768408572,15.938526153564453,499.4353814444316,5.354128000035416,53.54128000035416,20.214079998550005,57.95470000302885,55.370260000927374
10,5,50,295.38970001158305,117.8756200009957,151.6082999878563,169.26791962630844,16.926791962630844,15.939001083374023,452.6428375625725,5.907794000231661,59.07794000231661,17.601660001673736,60.95904000103474,39.31491999828722
1,10,100,615.2895999985049,232.40109000034863,424.85820000001695,162.52509387488914,16.252509387488914,31.883047103881836,434.6804886685065,6.1528959999850485,61.528959999850485,16.696450002200436,173.87401999731082,41.83062000083737
2,10,100,548.3109000051627,161.8053099955432,300.783999991836,182.3782821006448,18.23782821006448,31.882723808288574,487.7737648430512,5.483109000051627,54.83109000051627,28.65680999966571,92.38421999762068,40.764279998256825
3,10,100,544.356999991578,178.4064000035869,337.310000002617,183.70297433769957,18.37029743376996,31.879314422607422,491.2641373292479,5.4435699999157805,54.435699999157805,36.9681500014849,97.35412000154611,44.08413000055589
4,10,100,561.3777999969898,198.24343000364024,455.2302000083728,178.1331573862312,17.81331573862312,31.880260467529297,476.3832983802246,5.613777999969898,56.13777999969898,20.651090001047123,133.02853000059258,44.56381000200054
5,10,100,553.3103999914601,164.21263000229374,230.86110001895577,180.73038208127556,18.073038208127556,31.88181972503662,483.3527220961828,5.5331039999146014,55.331039999146014,66.61103000078583,57.98891000158619,39.61268999992171
6,10,100,545.5109000031371,193.95238000142854,361.2963000050513,183.31439390014924,18.331439390014925,31.88099193572998,490.25077958746937,5.455109000031371,54.55109000031371,36.01668999908725,108.08197000151267,49.853720000828616
7,10,100,576.456099995994,177.18940999911865,297.4393000040436,173.4737476118215,17.347374761182152,31.87986183166504,463.91679089155,5.76456099995994,57.6456099995994,38.62055000063265,84.09992999659153,54.46893000189448
8,10,100,586.8832000123803,220.39323000208242,325.0629999965895,170.3916554399419,17.039165543994187,31.880532264709473,455.68400662066745,5.868832000123803,58.688320001238026,24.632789999304805,161.31082000065362,34.44962000212399
9,10,100,532.9056000045966,154.29689000593498,275.21889997296967,187.65049569593083,18.765049569593085,31.884017944335938,501.8947595928678,5.329056000045966,53.290560000459664,51.282350001565646,69.25156000361312,33.762980000756215
10,10,100,558.3435999869835,175.5162100016605,325.538700009929,179.10118429284634,17.910118429284633,31.87944984436035,478.9599236137647,5.583435999869835,55.834359998698346,59.522629996354226,59.06290000275476,56.930680002551526
1,25,250,1403.2550000119954,416.3033159979386,1250.406799998018,178.15721304956188,17.815721304956185,79.70205593109131,476.45602830154513,5.613020000047982,56.13020000047982,70.5699679988902,303.95393599930685,41.77941199974157
2,25,250,1350.5259999947157,269.8457759997109,667.7565000136383,185.11305965303757,18.511305965303755,79.69719219207764,495.0282364076041,5.402103999978863,54.02103999978863,66.39377600047737,155.04997999873012,48.4020200005034
3,25,250,1313.1197999900905,339.10995200043544,812.1449000027496,190.3862846344154,19.03862846344154,79.6940565109253,509.10983141450237,5.252479199960362,52.52479199960362,105.48621200025082,190.7159920007689,42.90774799941573
4,25,250,1397.393799998099,355.12519199808594,757.4962999933632,178.90447202523734,17.890447202523735,79.70016288757324,478.4431017233006,5.589575199992396,55.89575199992396,123.11201599892229,186.2024839996593,45.81069199950434
5,25,250,1343.3780999912415,399.1182880027918,870.1032000099076,186.0980166355473,18.60980166355473,79.70142459869385,497.6886313721796,5.373512399964966,53.73512399964966,137.69944400293753,216.48243199917488,44.93641200067941
6,25,250,1354.6296999993501,374.1017719981028,736.1978999979328,184.5522802284048,18.45522802284048,79.70197200775146,493.5582026588674,5.4185187999974005,54.185187999974005,165.39671999926213,159.83754000044428,48.86751199839637
7,25,250,1352.2922999982256,321.55545199813787,903.3785999927204,184.8712737625793,18.48712737625793,79.70102024078369,494.40540037155967,5.409169199992903,54.091691999929026,64.6347599994624,211.1598039988894,45.760887999786064
8,25,250,1328.1287999998312,395.90729199699126,1164.1031999752158,188.23475554481746,18.82347555448175,79.69943428039551,503.39041815830285,5.312515199999325,53.12515199999325,64.3231879977975,290.29179999779444,41.292304001399316
9,25,250,1353.1910000019707,321.4729399990756,720.1154999929713,184.7484944842494,18.474849448424937,79.6986722946167,494.0624937640188,5.412764000007883,54.12764000007883,76.78481999784708,196.39932399848476,48.288796002743766
10,25,250,1350.4075999953784,413.36513999907766,720.5389000155265,185.1292898535639,18.512928985356393,79.6980848312378,495.0771841052198,5.401630399981514,54.016303999815136,195.38477199908812,173.4275560011156,44.55281199887395
1,50,500,2705.648499992094,670.2205279984628,1358.4742000093684,184.79857971257576,18.479857971257577,159.39997005462646,494.2045738771711,5.411296999984188,54.11296999984188,324.4823879987234,299.9075759993866,45.83056400035275
2,50,500,2713.638000001083,649.8150479991455,1860.7765999913681,184.25449525684724,18.425449525684726,159.40406227111816,492.76218567084715,5.427276000002166,54.27276000002166,336.9006900014938,270.5996619988582,42.31469599879347
3,50,500,2755.8125000068685,674.8153620018275,1731.4095000037923,181.4346948490704,18.14346948490704,159.40199375152588,485.2147379390533,5.511625000013737,55.11625000013737,223.1723620003322,405.1947060020757,46.44829399941955
4,50,500,2686.2670999980764,632.6774979991023,1797.5723999988986,186.13190028659398,18.6131900286594,159.40002155303955,497.7704175437199,5.372534199996153,53.72534199996153,115.06258799869101,470.260866000026,47.35404400038533
5,50,500,2759.6103999967454,693.432399998419,1755.6616000074428,181.1849962591059,18.118499625910587,159.40001964569092,484.54096273936966,5.519220799993491,55.19220799993491,339.6514699989348,307.5140399998054,46.266889999678824
6,50,500,2706.2694000051124,756.3776460007648,1962.4054000159958,184.75618133178295,18.475618133178294,159.39586067199707,494.0784505775641,5.412538800010225,54.12538800010225,250.97225999983493,465.1351680009975,40.270217999932356
7,50,500,2733.214699997916,692.7025199995842,1952.0124999980908,182.93476908359276,18.293476908359278,159.40933895111084,489.24896240350955,5.466429399995832,54.66429399995832,326.75706000009086,322.2734580002725,43.67200199922081
8,50,500,2831.6000000049826,842.8832039987901,1871.4756999979727,176.57861279810714,17.657861279810714,159.3979082107544,472.21590902586775,5.663200000009965,56.63200000009965,165.44060399901355,630.8350320003228,46.60756799945375
9,50,500,2745.361299996148,634.7726419987157,1645.6445999938296,182.12539092785403,18.212539092785406,159.39687061309814,487.0462273952343,5.490722599992296,54.90722599992296,269.95245799887925,323.5683459995198,41.25183800031664
10,50,500,2704.458699998213,579.0757640011725,1588.7693999975454,184.87988002934947,18.487988002934944,159.40478992462158,494.4369444432202,5.408917399996426,54.08917399996426,278.0105340000591,257.14858599967556,43.91664400143782
1,100,1000,5467.972400001599,1196.2259709998034,4741.958799990243,182.88314695950322,18.288314695950323,318.79168605804443,489.0694927427245,5.4679724000015995,54.679724000015995,357.45096999948146,791.0856380003679,47.68936299995403
2,100,1000,5532.549700001255,1171.5465579996817,4405.346200001077,180.74848925437996,18.074848925437998,318.8137311935425,483.3943770987531,5.532549700001255,55.32549700001255,477.6423140001134,641.4757260000624,52.42851799950586
3,100,1000,5627.408300002571,1324.9849999992875,4122.037999986787,177.701696178602,17.770169617860198,318.81022453308105,475.24079601595247,5.627408300002571,56.27408300002571,353.43131799876573,923.6620049997873,47.89167700073449
4,100,1000,5566.257099999348,1188.2890950002184,3207.451199981733,179.65393657438446,17.965393657438447,318.7991552352905,480.44513502624835,5.566257099999348,55.66257099999348,532.7962750011648,607.2506329993485,48.242186999705154
5,100,1000,5395.677799999248,1134.2272309998225,4051.1010000045644,185.3335275134737,18.533352751347373,318.81038665771484,495.65141936391615,5.395677799999248,53.95677799999248,575.957311000675,510.1945140004682,48.075405998679344
6,100,1000,5377.797799999826,1198.5806349992345,4660.3320999856805,185.94972090621042,18.59497209062104,318.8024206161499,497.2869258862962,5.377797799999826,53.77797799999826,420.71127399947727,729.4729009998264,48.39645999993081
7,100,1000,5398.243400006322,1130.4696059990965,3454.3852000060724,185.24544484208118,18.524544484208118,318.81826305389404,495.4280927749326,5.398243400006322,53.98243400006322,401.3803380000172,685.0149749990669,44.0742930000124
8,100,1000,5460.147699996014,1190.2222510012507,3458.6109000083525,183.14522883707522,18.314522883707525,318.8036165237427,489.78868611959933,5.460147699996014,54.60147699996014,436.8657600006554,707.2342640007264,46.12222699986887
9,100,1000,5510.219599993434,1130.8547389972955,3442.0549999776995,181.48097037751302,18.1480970377513,318.8071622848511,485.34332678922397,5.510219599993434,55.10219599993434,450.1125349990616,636.5644569991855,44.177746999048395
10,100,1000,5360.204200012959,1117.1920530010539,3996.4552000164986,186.56005679738516,18.656005679738517,318.79700469970703,498.9106765733915,5.360204200012959,53.602042000129586,485.6474849997903,586.280301000661,45.26426700060256
