paper,year,approach,use_case,latency_ms,throughput_samples_sec,security_bits,model_type,dataset,key_metric,advantages,limitations
"This Work (Your Paper)",2025,"CKKS + Medical FastText + Autoencoder","IoT Healthcare Data Privacy",35.0,179.0,128,"Autoencoder (300→64→300)","Medical IoT Sensors","8.41ms per embedding, 495 samples/sec","Real-time capable, supports computation on encrypted data, lightweight model","Limited to 300-dim embeddings"
"Kim et al. - Logistic Regression over Encrypted Data",2018,"CKKS (HEAAN)","Medical Diagnosis",15000.0,0.067,80,"Logistic Regression","UCI ML Repository","~15s per prediction","First practical HE medical diagnosis","Very slow, small datasets only"
"Benaissa et al. - TenSEAL",2021,"CKKS (SEAL backend)","Healthcare ML",5200.0,0.192,128,"Neural Network (3 layers)","MNIST Medical","~5.2s per inference","Library-based, easy integration","Generic implementation, not optimized"
"Jiang et al. - Secure Outsourcing",2018,"CKKS","Medical Data Analysis",8500.0,0.118,100,"Linear Regression","Synthetic Medical","~8.5s per batch","Secure outsourcing to cloud","High latency, limited model complexity"
"Chen et al. - Privacy-Preserving ML",2019,"CKKS","Healthcare Predictions",12000.0,0.083,128,"Decision Tree","Heart Disease Dataset","~12s per patient","Supports decision trees","Not scalable to deep learning"
"Froelicher et al. - MedCo",2020,"CKKS + Secret Sharing","Medical Record Queries",45000.0,0.022,128,"Query Protocol","TCGA Genomics","~45s per query","Multi-institutional collaboration","Query-only, no ML inference"
"Zhu et al. - Homomorphic CNN",2021,"CKKS","Medical Image Classification",180000.0,0.0056,100,"CNN (3 conv layers)","ChestX-ray14","~3 min per image","Supports CNNs on encrypted images","Extremely slow, impractical"
"Lee et al. - Efficient CKKS",2022,"Optimized CKKS","ECG Classification",2500.0,0.4,128,"LSTM (2 layers)","MIT-BIH ECG","~2.5s per sample","Optimized for time series","Specific to ECG only"
"Meftah et al. - DOrtmann",2020,"CKKS","Medical Text NLP",25000.0,0.04,128,"Word2Vec","Medical Notes","~25s per document","Privacy-preserving NLP","Very slow for text processing"
"Cheon et al. - HEAAN",2017,"CKKS (Original)","General Medical Computation",50000.0,0.02,80,"Polynomial Functions","Synthetic","~50s per operation","Foundational CKKS scheme","Generic, not application-optimized"
"Wood et al. - Cingulata",2020,"CKKS + BFV Hybrid","Medical Risk Scoring",8000.0,0.125,100,"Risk Score Model","Insurance Data","~8s per patient","Hybrid scheme flexibility","Complex implementation"
"Hesamifard et al. - CryptoDL",2019,"CKKS","Medical Deep Learning",95000.0,0.011,128,"CNN (5 layers)","Skin Lesion Images","~95s per image","First CKKS deep learning","Prohibitively slow"
"Brutzkus et al. - Low Latency Inference",2019,"CKKS","Medical Inference",3500.0,0.286,128,"Neural Network","Medical Tabular Data","~3.5s per inference","Focus on latency reduction","Still too slow for real-time"
"Halevi et al. - CKKS Bootstrapping",2020,"CKKS with Bootstrapping","Deep Medical Models",320000.0,0.003,128,"Deep NN (10 layers)","Medical Records","~5.3 min per sample","Supports arbitrary depth","Extremely high latency"
"Choudhury et al. - Secure Health Analytics",2021,"CKKS","Federated Health Analytics",18000.0,0.056,128,"Linear Model","Multi-hospital Data","~18s per aggregation","Multi-party secure","Communication overhead"
"SEAL-Generic (Microsoft)",2020,"CKKS (Unoptimized)","General Medical Use",125000.0,0.008,128,"Generic Operations","N/A","~125s per operation","Industry standard library","No domain optimization"
"Our Work - Batch Size 100",2025,"Optimized CKKS + Batching","IoT Healthcare (Batched)",35.89,2.79,128,"Autoencoder + FastText","Medical IoT","0.36ms per sample (batched)","100x faster per sample with batching","Requires batching capability"
"Our Work - Poly 16384",2025,"CKKS (High Security)","IoT Healthcare (256-bit)","48.0,20.8,256","Autoencoder + FastText","Medical IoT","Higher security option","256-bit post-quantum security","3x larger ciphertexts, slower"
