trial,poly_degree,vector_size,num_vectors,plaintext_size_kb,ciphertext_size_kb,expansion_factor,overhead_kb,mem_baseline_mb,mem_context_mb,mem_data_mb,mem_encryption_mb,mem_total_mb,encryption_time_ms,throughput_vectors_per_sec,ciphertext_per_vector_kb,plaintext_per_vector_kb
1,4096,100,1,0.390625,94.376953125,241.605,93.986328125,139.734375,40.0078125,0.0234375,0.50390625,41.06640625,1.81719999818597,550.2971610159892,94.376953125,0.390625
2,4096,100,1,0.390625,93.587890625,239.585,93.197265625,180.5625,0.2421875,0.0,0.0,0.30078125,1.626199999009259,614.930513226686,93.587890625,0.390625
3,4096,100,1,0.390625,93.619140625,239.665,93.228515625,180.625,0.24609375,0.0,0.0,0.24609375,1.6733000084059313,597.6214635608886,93.619140625,0.390625
4,4096,100,1,0.390625,94.3857421875,241.6275,93.9951171875,180.62890625,0.24609375,0.0,0.0,0.24609375,2.143999998224899,466.41791083392667,94.3857421875,0.390625
5,4096,100,1,0.390625,93.6689453125,239.7925,93.2783203125,180.62890625,0.24609375,0.0,0.0,0.24609375,1.6432999982498586,608.5316138654027,93.6689453125,0.390625
6,4096,100,1,0.390625,94.2568359375,241.2975,93.8662109375,180.6328125,0.23828125,0.0,0.0,0.23828125,1.712900004349649,583.8052410885937,94.2568359375,0.390625
7,4096,100,1,0.390625,93.6181640625,239.6625,93.2275390625,180.6328125,0.24609375,0.0,0.0,0.24609375,1.6957000043476,589.7269549071788,93.6181640625,0.390625
8,4096,100,1,0.390625,94.314453125,241.445,93.923828125,180.6328125,0.2421875,0.0,0.0,0.2421875,1.8796000076690689,532.0280889124494,94.314453125,0.390625
9,4096,100,1,0.390625,94.34765625,241.53,93.95703125,180.6328125,0.25,0.0,0.0,0.25,1.6660999972373247,600.2040703788301,94.34765625,0.390625
10,4096,100,1,0.390625,94.3232421875,241.4675,93.9326171875,180.6328125,0.24609375,0.0,0.0,0.24609375,1.6574999899603426,603.3182540314381,94.3232421875,0.390625
1,4096,100,10,3.90625,938.8740234375,240.35175,934.9677734375,180.6328125,0.25390625,0.0,1.22265625,3.0390625,17.09189999382943,585.0724614355473,93.88740234375,0.390625
2,4096,100,10,3.90625,938.384765625,240.2265,934.478515625,183.421875,0.24609375,0.0,0.0,0.26953125,16.103300004033372,620.9907284528832,93.8384765625,0.390625
3,4096,100,10,3.90625,939.5986328125,240.53725,935.6923828125,183.4453125,0.25,0.0,0.0,0.25,15.170600003330037,659.1697096888021,93.95986328125,0.390625
4,4096,100,10,3.90625,938.2041015625,240.18025,934.2978515625,183.4453125,0.25,0.0,0.00390625,0.25390625,15.317099998355843,652.8650985547795,93.82041015625,0.390625
5,4096,100,10,3.90625,939.6962890625,240.56225,935.7900390625,183.44921875,0.24609375,0.0,0.0,0.24609375,15.178600006038323,658.8222890135993,93.96962890625,0.390625
6,4096,100,10,3.90625,939.349609375,240.4735,935.443359375,183.453125,0.25,0.0,0.0,0.25,14.973500001360662,667.8465288069781,93.9349609375,0.390625
7,4096,100,10,3.90625,939.326171875,240.4675,935.419921875,183.453125,0.25,0.0,0.0,0.25,15.885100001469254,629.5207457979537,93.9326171875,0.390625
8,4096,100,10,3.90625,938.7216796875,240.31275,934.8154296875,183.453125,0.2421875,0.0,0.0,0.2421875,16.286900005070493,613.9903847194227,93.87216796875,0.390625
9,4096,100,10,3.90625,939.9931640625,240.63825,936.0869140625,183.453125,0.25,0.0,0.0,0.25,16.799000004539266,595.2735280253523,93.99931640625,0.390625
10,4096,100,10,3.90625,941.150390625,240.9345,937.244140625,183.453125,0.2421875,0.0,0.0,0.2421875,16.798700002254918,595.2841588133417,94.1150390625,0.390625
1,4096,100,50,19.53125,4695.0380859375,240.38595,4675.5068359375,183.453125,0.25,0.0,6.5859375,11.78125,83.55229999870062,598.4275717218746,93.90076171875,0.390625
2,4096,100,50,19.53125,4692.2939453125,240.24545,4672.7626953125,189.26171875,1.20703125,0.0,-0.109375,5.9140625,78.01440000184812,640.9073196591338,93.84587890625,0.390625
3,4096,100,50,19.53125,4692.3203125,240.2468,4672.7890625,189.29296875,0.84375,0.0078125,0.109375,5.703125,87.73890000884421,569.8726561987891,93.84640625,0.390625
4,4096,100,50,19.53125,4694.5703125,240.362,4675.0390625,190.30078125,0.9140625,0.0,0.01953125,4.80859375,81.30289999826346,614.9842133683786,93.89140625,0.390625
5,4096,100,50,19.53125,4691.431640625,240.2013,4671.900390625,190.36328125,0.4140625,0.0,0.01171875,4.640625,96.88929999538232,516.0528562223379,93.8286328125,0.390625
6,4096,100,50,19.53125,4692.3310546875,240.24735,4672.7998046875,190.26953125,0.53125,0.0,0.0,4.7890625,81.19369999621995,615.8113252915904,93.84662109375,0.390625
7,4096,100,50,19.53125,4692.7158203125,240.26705,4673.1845703125,189.39453125,0.8359375,0.0,0.0390625,5.4453125,76.84989999688696,650.6189338180714,93.85431640625,0.390625
8,4096,100,50,19.53125,4693.677734375,240.3163,4674.146484375,190.56640625,0.28125,0.0,0.03125,4.49609375,77.83390000986401,642.3936099008713,93.8735546875,0.390625
9,4096,100,50,19.53125,4690.8447265625,240.17125,4671.3134765625,190.30078125,0.40234375,0.0,0.03125,4.8515625,85.3213000082178,586.020137939579,93.81689453125,0.390625
10,4096,100,50,19.53125,4696.6025390625,240.46605,4677.0712890625,190.35546875,0.6328125,0.0,0.0,4.703125,88.89329999510664,562.4720873536293,93.93205078125,0.390625
1,4096,100,100,39.0625,9385.1943359375,240.260975,9346.1318359375,190.54296875,0.46875,0.0,9.47265625,18.6328125,191.97079999139532,520.9125554744903,93.851943359375,0.390625
2,4096,100,100,39.0625,9388.1953125,240.3378,9349.1328125,200.08203125,0.51953125,0.0,0.01171875,9.2109375,169.46699999971315,590.0853853562597,93.881953125,0.390625
3,4096,100,100,39.0625,9390.3505859375,240.392975,9351.2880859375,200.6796875,0.359375,0.0,0.05078125,8.5078125,181.5709000075003,550.7490462175889,93.903505859375,0.390625
4,4096,100,100,39.0625,9387.32421875,240.3155,9348.26171875,200.0546875,0.43359375,0.0,0.0703125,9.16015625,163.80090000166092,610.497256113892,93.8732421875,0.390625
5,4096,100,100,39.0625,9390.255859375,240.39055,9351.193359375,200.71875,0.46484375,0.0,0.02734375,8.7109375,172.86010000680108,578.502499975793,93.90255859375,0.390625
6,4096,100,100,39.0625,9393.892578125,240.48365,9354.830078125,200.7578125,0.62109375,0.0,0.0390625,8.828125,184.16429999342654,542.9934031925262,93.93892578125,0.390625
7,4096,100,100,39.0625,9387.658203125,240.32405,9348.595703125,200.82421875,0.29296875,0.0,0.02734375,8.59375,167.25720000977162,597.8815859296803,93.87658203125,0.390625
8,4096,100,100,39.0625,9388.73046875,240.3515,9349.66796875,200.640625,0.30078125,0.0,0.01953125,8.91015625,165.88000000047032,602.8454304299281,93.8873046875,0.390625
9,4096,100,100,39.0625,9388.0732421875,240.334675,9349.0107421875,200.8359375,0.40625,0.0,0.02734375,8.98046875,163.5771000001114,611.3325153700115,93.880732421875,0.390625
10,4096,100,100,39.0625,9383.322265625,240.21305,9344.259765625,200.9375,0.28125,0.0,0.04296875,8.57421875,158.76739998930134,629.8522241136316,93.83322265625,0.390625
1,4096,300,1,1.171875,94.376953125,80.535,93.205078125,200.96484375,0.27734375,0.0,-0.0078125,0.36328125,1.7513000057078898,571.0043948728201,94.376953125,1.171875
2,4096,300,1,1.171875,93.62109375,79.89,92.44921875,201.0859375,0.24609375,0.0,0.0,0.24609375,1.7362000071443617,575.9705079397871,93.62109375,1.171875
3,4096,300,1,1.171875,93.712890625,79.96833333333333,92.541015625,201.0859375,0.25,0.0,0.0,0.25,1.730199990561232,577.9678681396974,93.712890625,1.171875
4,4096,300,1,1.171875,93.7119140625,79.9675,92.5400390625,201.0859375,0.24609375,0.0,0.0,0.24609375,1.6727000038372353,597.8358329084493,93.7119140625,1.171875
5,4096,300,1,1.171875,93.56640625,79.84333333333333,92.39453125,201.0859375,0.25,0.0,0.0,0.25,1.7610000068088993,567.8591687299853,93.56640625,1.171875
6,4096,300,1,1.171875,93.76171875,80.01,92.58984375,201.08984375,0.24609375,0.0,0.0,0.24609375,2.3908000002847984,418.2700350848575,93.76171875,1.171875
7,4096,300,1,1.171875,93.77734375,80.02333333333333,92.60546875,201.08984375,0.24609375,0.0,0.0,0.24609375,2.307099988684058,433.44458623589514,93.77734375,1.171875
8,4096,300,1,1.171875,93.732421875,79.985,92.560546875,201.08984375,0.24609375,0.0,0.0,0.24609375,2.3536999942734838,424.8629827220907,93.732421875,1.171875
9,4096,300,1,1.171875,93.6103515625,79.88083333333333,92.4384765625,201.08984375,0.24609375,0.0,0.0,0.24609375,1.9259999971836805,519.2108003438543,93.6103515625,1.171875
10,4096,300,1,1.171875,93.6943359375,79.9525,92.5224609375,201.08984375,0.24609375,0.0,0.0,0.24609375,1.6636000073049217,601.1060324651163,93.6943359375,1.171875
1,4096,300,10,11.71875,938.30859375,80.069,926.58984375,201.08984375,0.25,0.0,0.0,0.3046875,16.41269998799544,609.284274209252,93.830859375,1.171875
2,4096,300,10,11.71875,938.7685546875,80.10825,927.0498046875,201.14453125,0.24609375,0.0,0.0,0.28125,17.181699993670918,582.0145854998991,93.87685546875,1.171875
3,4096,300,10,11.71875,939.0185546875,80.12958333333333,927.2998046875,201.1796875,0.2421875,0.0,0.0,0.2421875,20.648400008212775,484.2990253977335,93.90185546875,1.171875
4,4096,300,10,11.71875,938.69921875,80.10233333333333,926.98046875,201.1796875,0.23828125,0.0,0.0,0.23828125,17.063799998140894,586.0359357874274,93.869921875,1.171875
5,4096,300,10,11.71875,938.2490234375,80.06391666666667,926.5302734375,201.1796875,0.2421875,0.0,0.0,0.2421875,16.294799992465414,613.6927120691215,93.82490234375,1.171875
6,4096,300,10,11.71875,938.10546875,80.05166666666666,926.38671875,201.18359375,0.25,0.0,0.0,0.25,22.220699989702553,450.030827320209,93.810546875,1.171875
7,4096,300,10,11.71875,938.1884765625,80.05875,926.4697265625,201.18359375,0.24609375,0.0,0.0,0.26171875,15.295699995476753,653.7785131087301,93.81884765625,1.171875
8,4096,300,10,11.71875,938.3662109375,80.07391666666666,926.6474609375,201.19921875,0.25,0.0,0.0,0.25,16.869500002940185,592.7857967489908,93.83662109375,1.171875
9,4096,300,10,11.71875,938.5791015625,80.09208333333333,926.8603515625,201.19921875,0.24609375,0.0,0.0,0.24609375,18.822300000465475,531.2846995187996,93.85791015625,1.171875
10,4096,300,10,11.71875,937.4306640625,79.99408333333334,925.7119140625,201.19921875,0.24609375,0.0,0.0,0.24609375,17.382799996994436,575.2813126613114,93.74306640625,1.171875
1,4096,300,50,58.59375,4696.22265625,80.14886666666666,4637.62890625,201.19921875,0.24609375,0.0,0.01171875,3.7890625,83.50530000461731,598.7643897720901,93.924453125,1.171875
2,4096,300,50,58.59375,4694.392578125,80.11763333333333,4635.798828125,200.27734375,0.25390625,0.0,0.0234375,4.8671875,105.8539999939967,472.3487067360293,93.8878515625,1.171875
3,4096,300,50,58.59375,4693.357421875,80.09996666666666,4634.763671875,200.0078125,0.30859375,0.0,0.03125,5.1875,79.22689999395516,631.0987808915266,93.8671484375,1.171875
4,4096,300,50,58.59375,4693.34765625,80.0998,4634.75390625,200.36328125,0.27734375,0.0,0.0234375,4.5390625,86.66090000770055,576.9614670001937,93.866953125,1.171875
5,4096,300,50,58.59375,4693.8427734375,80.10825,4635.2490234375,200.4609375,0.28125,0.0,0.01953125,4.35546875,85.81000000413042,582.6826709893168,93.87685546875,1.171875
6,4096,300,50,58.59375,4692.6572265625,80.08801666666666,4634.0634765625,200.37109375,0.2890625,0.0,0.03125,4.7890625,81.25450000807177,615.3505343708106,93.85314453125,1.171875
7,4096,300,50,58.59375,4696.109375,80.14693333333334,4637.515625,200.39453125,0.5078125,0.0,0.0234375,4.6171875,86.08160000585485,580.8442221868465,93.9221875,1.171875
8,4096,300,50,58.59375,4690.810546875,80.0565,4632.216796875,200.359375,0.296875,0.0,0.03515625,4.94921875,83.90509999298956,595.9113332107058,93.8162109375,1.171875
9,4096,300,50,58.59375,4694.7431640625,80.12361666666666,4636.1494140625,200.51953125,0.40234375,0.0,-0.0078125,4.234375,105.1764000003459,475.3918179347797,93.89486328125,1.171875
10,4096,300,50,58.59375,4693.990234375,80.11076666666666,4635.396484375,200.05859375,0.3984375,0.0,0.015625,4.73828125,77.0594999921741,648.8492658929507,93.8798046875,1.171875
1,4096,300,100,117.1875,9387.0751953125,80.10304166666667,9269.8876953125,200.4296875,0.32421875,0.0,0.078125,9.44140625,181.67229999380652,550.4416468741198,93.870751953125,1.171875
2,4096,300,100,117.1875,9387.5712890625,80.107275,9270.3837890625,200.5390625,0.4296875,0.0,0.03125,9.56640625,178.74669999582693,559.4508877777024,93.875712890625,1.171875
3,4096,300,100,117.1875,9390.03515625,80.1283,9272.84765625,200.73046875,0.39453125,0.0,0.03125,9.18359375,175.82229999243282,568.7560679407782,93.9003515625,1.171875
4,4096,300,100,117.1875,9386.6865234375,80.099725,9269.4990234375,201.078125,0.27734375,0.0,0.015625,8.62109375,184.6870999870589,541.4563334797452,93.866865234375,1.171875
5,4096,300,100,117.1875,9390.6962890625,80.13394166666667,9273.5087890625,201.171875,0.23828125,0.0,0.03125,8.47265625,179.03820000356063,558.5400210570216,93.906962890625,1.171875
6,4096,300,100,117.1875,9384.5439453125,80.08144166666666,9267.3564453125,201.1796875,0.25390625,0.0,0.0234375,8.4765625,212.84039999591187,469.8356139244276,93.845439453125,1.171875
7,4096,300,100,117.1875,9384.7744140625,80.08340833333334,9267.5869140625,201.1875,0.25,0.0,0.03125,8.421875,173.8757999992231,575.1231626278459,93.847744140625,1.171875
8,4096,300,100,117.1875,9394.580078125,80.16708333333334,9277.392578125,201.07421875,0.25,0.0,0.03125,8.65625,166.29129998909775,601.354370352244,93.94580078125,1.171875
9,4096,300,100,117.1875,9389.9521484375,80.12759166666666,9272.7646484375,201.18359375,0.2578125,0.0,0.03515625,8.2734375,185.39159999636468,539.3987645716467,93.899521484375,1.171875
10,4096,300,100,117.1875,9383.9462890625,80.07634166666666,9266.7587890625,201.09765625,0.74609375,0.0,0.02734375,8.66796875,183.6814999987837,544.4206411677942,93.839462890625,1.171875
1,4096,500,1,1.953125,93.5927734375,47.9195,91.6396484375,200.625,0.2578125,0.0,0.02734375,0.3359375,2.1351000032154843,468.3621368994375,93.5927734375,1.953125
2,4096,500,1,1.953125,93.67578125,47.962,91.72265625,200.7109375,0.24609375,0.0,0.0,0.24609375,1.8410000047879294,543.1830512760879,93.67578125,1.953125
3,4096,500,1,1.953125,93.7666015625,48.0085,91.8134765625,200.7109375,0.24609375,0.0,0.0,0.24609375,1.8207999964943156,549.2091398974923,93.7666015625,1.953125
4,4096,500,1,1.953125,93.6787109375,47.9635,91.7255859375,200.7109375,0.24609375,0.0,0.0,0.24609375,1.8152000120608136,550.9034780496121,93.6787109375,1.953125
5,4096,500,1,1.953125,94.2578125,48.26,92.3046875,200.7109375,0.2421875,0.0,0.0,0.2421875,2.0626000041374937,484.82497721033633,94.2578125,1.953125
6,4096,500,1,1.953125,93.642578125,47.945,91.689453125,200.7109375,0.24609375,0.0,0.0,0.24609375,2.5293000071542338,395.3663057650168,93.642578125,1.953125
7,4096,500,1,1.953125,94.357421875,48.311,92.404296875,200.7109375,0.25390625,0.0,0.0,0.25390625,1.982499990845099,504.4136214970274,94.357421875,1.953125
8,4096,500,1,1.953125,94.310546875,48.287,92.357421875,200.71484375,0.24609375,0.0,0.0,0.24609375,1.8654000014066696,536.0780525602635,94.310546875,1.953125
9,4096,500,1,1.953125,93.662109375,47.955,91.708984375,200.71484375,0.25,0.0,0.0,0.25,2.189199993154034,456.7878691426796,93.662109375,1.953125
10,4096,500,1,1.953125,94.2255859375,48.2435,92.2724609375,200.71484375,0.25,0.0,0.0,0.25,2.5089000118896365,398.5810495679446,94.2255859375,1.953125
1,4096,500,10,19.53125,939.3720703125,48.09585,919.8408203125,200.71484375,0.25,0.0,0.0,0.734375,19.18380000279285,521.2731574841357,93.93720703125,1.953125
2,4096,500,10,19.53125,939.5693359375,48.10595,920.0380859375,201.19921875,0.25,0.0,0.0,0.25,16.729499999200925,597.74649573972,93.95693359375,1.953125
3,4096,500,10,19.53125,937.98828125,48.025,918.45703125,201.19921875,0.2421875,0.0,0.0,0.2421875,16.569400002481416,603.5221552079382,93.798828125,1.953125
4,4096,500,10,19.53125,939.3857421875,48.09655,919.8544921875,201.19921875,0.24609375,0.0,0.0,0.24609375,17.28749999892898,578.4526392260034,93.93857421875,1.953125
5,4096,500,10,19.53125,938.029296875,48.0271,918.498046875,201.19921875,0.2421875,0.0,0.0,0.24609375,18.559599993750453,538.804715800302,93.8029296875,1.953125
6,4096,500,10,19.53125,940.1611328125,48.13625,920.6298828125,201.203125,0.24609375,0.0,0.0,0.24609375,17.537300009280443,570.2132024147485,94.01611328125,1.953125
7,4096,500,10,19.53125,938.115234375,48.0315,918.583984375,201.203125,0.2421875,0.0,0.0,0.2421875,17.542999994475394,570.0279315481491,93.8115234375,1.953125
8,4096,500,10,19.53125,938.3056640625,48.04125,918.7744140625,201.203125,0.24609375,0.0,0.0,0.24609375,18.675899991649203,535.4494297180553,93.83056640625,1.953125
9,4096,500,10,19.53125,937.626953125,48.0065,918.095703125,201.203125,0.2421875,0.0,0.0,0.2421875,19.03650000167545,525.3066477093938,93.7626953125,1.953125
10,4096,500,10,19.53125,939.763671875,48.1159,920.232421875,201.203125,0.24609375,0.0,0.0,0.24609375,16.651400001137517,600.5501038541422,93.9763671875,1.953125
1,4096,500,50,97.65625,4689.775390625,48.0233,4592.119140625,201.203125,0.2421875,0.0,0.0,3.84765625,84.62590000999626,590.8356660796973,93.7955078125,1.953125
2,4096,500,50,97.65625,4694.1083984375,48.06767,4596.4521484375,200.66796875,0.2578125,0.0,0.02734375,4.54296875,91.13019998767413,548.6655357583193,93.88216796875,1.953125
3,4096,500,50,97.65625,4695.49609375,48.08188,4597.83984375,200.7109375,0.33984375,0.0,0.02734375,4.79296875,91.63480000279378,545.6442312142941,93.909921875,1.953125
4,4096,500,50,97.65625,4695.9072265625,48.08609,4598.2509765625,200.71875,0.24609375,0.0,0.02734375,4.6328125,86.27770000020973,579.5240253261093,93.91814453125,1.953125
5,4096,500,50,97.65625,4695.197265625,48.07882,4597.541015625,200.7109375,0.375,0.0,0.02734375,4.4375,85.06910000869539,587.7574817987874,93.9039453125,1.953125
6,4096,500,50,97.65625,4696.0576171875,48.08763,4598.4013671875,200.6640625,0.25390625,0.0,0.02734375,4.57421875,85.18209999601822,586.9777805705331,93.92115234375,1.953125
7,4096,500,50,97.65625,4694.1728515625,48.06833,4596.5166015625,200.80078125,0.25390625,0.0,0.01953125,4.74609375,86.8787999934284,575.5143948095744,93.88345703125,1.953125
8,4096,500,50,97.65625,4692.9873046875,48.05619,4595.3310546875,200.70703125,0.3203125,0.0,0.0234375,4.47265625,83.61860000877641,597.9530869298471,93.85974609375,1.953125
9,4096,500,50,97.65625,4692.6728515625,48.05297,4595.0166015625,200.3359375,0.2578125,0.0,0.0234375,4.78125,85.99410000897478,581.4352379382044,93.85345703125,1.953125
10,4096,500,50,97.65625,4693.30078125,48.0594,4595.64453125,200.77734375,0.2578125,0.0,0.02734375,4.33203125,86.34880000317935,579.0468425520564,93.866015625,1.953125
1,4096,500,100,195.3125,9391.8955078125,48.086505,9196.5830078125,200.796875,0.25390625,0.0,0.03125,9.01953125,179.8114999983227,556.1379555864492,93.918955078125,1.953125
2,4096,500,100,195.3125,9391.517578125,48.08457,9196.205078125,201.22265625,1.078125,0.0,0.0234375,8.47265625,178.16509999101982,561.2771525121383,93.91517578125,1.953125
3,4096,500,100,195.3125,9385.6376953125,48.054465,9190.3251953125,200.92578125,0.25390625,0.0,0.0234375,8.86328125,196.94230001186952,507.76293357990176,93.856376953125,1.953125
4,4096,500,100,195.3125,9384.4375,48.04832,9189.125,200.015625,0.89453125,0.0,0.0234375,9.73828125,190.12910001038108,525.958414543276,93.844375,1.953125
5,4096,500,100,195.3125,9383.25,48.04224,9187.9375,201.078125,0.28125,0.0,0.03125,8.6171875,181.06279999483377,552.2945630071627,93.8325,1.953125
6,4096,500,100,195.3125,9386.82421875,48.06054,9191.51171875,201.4140625,0.25,0.0,0.0234375,8.6640625,168.58030000003055,593.1891211486862,93.8682421875,1.953125
7,4096,500,100,195.3125,9380.07421875,48.02598,9184.76171875,201.40234375,0.26953125,0.0,0.02734375,8.3359375,173.3842999965418,576.7534892259248,93.8007421875,1.953125
8,4096,500,100,195.3125,9388.8740234375,48.071035,9193.5615234375,201.3125,0.42578125,0.0,0.02734375,8.6875,178.5686000075657,560.0088705167826,93.888740234375,1.953125
9,4096,500,100,195.3125,9380.197265625,48.02661,9184.884765625,201.3984375,0.28125,0.0,0.03125,8.71875,173.11689999769442,577.6443547760606,93.80197265625,1.953125
10,4096,500,100,195.3125,9382.9150390625,48.040525,9187.6025390625,200.97265625,0.27734375,0.0,0.01953125,8.80859375,163.29959999711718,612.3713714042493,93.829150390625,1.953125
1,4096,1000,1,3.90625,93.615234375,23.9655,89.708984375,201.31640625,0.26953125,0.0,0.078125,0.421875,1.767399997333996,565.8028751320769,93.615234375,3.90625
2,4096,1000,1,3.90625,93.673828125,23.9805,89.767578125,201.4921875,0.25,0.0,0.0,0.25,1.8922000017482787,528.4853604672129,93.673828125,3.90625
3,4096,1000,1,3.90625,94.3193359375,24.14575,90.4130859375,201.4921875,0.2421875,0.0,0.0,0.2421875,1.789200003258884,558.9090085952272,94.3193359375,3.90625
4,4096,1000,1,3.90625,94.3505859375,24.15375,90.4443359375,201.4921875,0.24609375,0.0,0.0,0.24609375,1.8405999871902168,543.3011012493585,94.3505859375,3.90625
5,4096,1000,1,3.90625,93.732421875,23.9955,89.826171875,201.4921875,0.24609375,0.0,0.0,0.24609375,2.357700010179542,424.14217062494254,93.732421875,3.90625
6,4096,1000,1,3.90625,94.2841796875,24.13675,90.3779296875,201.49609375,0.2421875,0.0,0.00390625,0.24609375,1.9124999962514266,522.8758180183207,94.2841796875,3.90625
7,4096,1000,1,3.90625,93.7255859375,23.99375,89.8193359375,201.5,0.24609375,0.0,0.0,0.24609375,1.9844000053126365,503.9306577921788,93.7255859375,3.90625
8,4096,1000,1,3.90625,94.32421875,24.147,90.41796875,201.5,0.25,0.0,0.00390625,0.25390625,1.771399998688139,564.5252346960475,94.32421875,3.90625
9,4096,1000,1,3.90625,93.669921875,23.9795,89.763671875,201.50390625,0.25,0.0,0.0,0.25,1.7950000037671998,557.1030628976499,93.669921875,3.90625
10,4096,1000,1,3.90625,93.673828125,23.9805,89.767578125,201.50390625,0.2421875,0.0,0.0,0.2421875,2.020800005993806,494.8535218893231,93.673828125,3.90625
1,4096,1000,10,39.0625,937.0439453125,23.988325,897.9814453125,201.50390625,0.2421875,0.0,0.00390625,0.3671875,18.66090000839904,535.8798340647623,93.70439453125,3.90625
2,4096,1000,10,39.0625,938.1708984375,24.017175,899.1083984375,201.62890625,0.2421875,0.0,0.0,0.25,17.483999996329658,571.9514986329934,93.81708984375,3.90625
3,4096,1000,10,39.0625,938.6865234375,24.030375,899.6240234375,201.63671875,0.24609375,0.0,0.0,0.26953125,15.97240001137834,626.0799875332605,93.86865234375,3.90625
4,4096,1000,10,39.0625,939.505859375,24.05135,900.443359375,201.66015625,0.23046875,0.0,0.0,0.23046875,17.453399996156804,572.9542669165879,93.9505859375,3.90625
5,4096,1000,10,39.0625,939.3818359375,24.048175,900.3193359375,201.66015625,0.24609375,0.0,0.0,0.24609375,15.879400001722388,629.7467158025702,93.93818359375,3.90625
6,4096,1000,10,39.0625,938.32421875,24.0211,899.26171875,201.6640625,0.25,0.0,0.0,0.25,15.944600003422238,627.1715814666827,93.832421875,3.90625
7,4096,1000,10,39.0625,937.6201171875,24.003075,898.5576171875,201.6640625,0.25,0.0,0.00390625,0.25390625,19.579200001317076,510.74609786545454,93.76201171875,3.90625
8,4096,1000,10,39.0625,938.232421875,24.01875,899.169921875,201.66796875,0.25,0.0,0.0,0.25,23.45610001066234,426.3283323081988,93.8232421875,3.90625
9,4096,1000,10,39.0625,938.5634765625,24.027225,899.5009765625,201.66796875,0.24609375,0.0,0.0,0.24609375,16.509900000528432,605.6971877285707,93.85634765625,3.90625
10,4096,1000,10,39.0625,938.9228515625,24.036425,899.8603515625,201.66796875,0.24609375,0.0,0.0,0.24609375,17.500500005553477,571.4122451830905,93.89228515625,3.90625
1,4096,1000,50,195.3125,4696.2041015625,24.044565,4500.8916015625,201.66796875,0.24609375,0.00390625,0.00390625,4.05859375,88.5441999998875,564.6897255840985,93.92408203125,3.90625
2,4096,1000,50,195.3125,4695.568359375,24.04131,4500.255859375,200.77734375,0.60546875,0.00390625,0.05078125,4.49609375,90.20040000905283,554.3212668123625,93.9113671875,3.90625
3,4096,1000,50,195.3125,4694.50390625,24.03586,4499.19140625,200.6875,0.27734375,0.00390625,0.04296875,4.46875,88.33189999859314,566.0469207703711,93.890078125,3.90625
4,4096,1000,50,195.3125,4696.0634765625,24.043845,4500.7509765625,200.8828125,0.28125,0.00390625,0.0546875,4.4375,82.86039999802597,603.4245550491089,93.92126953125,3.90625
5,4096,1000,50,195.3125,4691.04296875,24.01814,4495.73046875,200.8828125,0.2734375,0.00390625,0.05078125,4.17578125,105.83139999653213,472.4495754722927,93.820859375,3.90625
6,4096,1000,50,195.3125,4691.8896484375,24.022475,4496.5771484375,200.875,0.27734375,0.0,0.03515625,4.14453125,91.28229999623727,547.751316542868,93.83779296875,3.90625
7,4096,1000,50,195.3125,4695.39453125,24.04042,4500.08203125,200.88671875,0.28125,0.0,0.0234375,4.21875,88.85759999975562,562.6980697220891,93.907890625,3.90625
8,4096,1000,50,195.3125,4693.7578125,24.03204,4498.4453125,200.89453125,0.27734375,0.0,0.0234375,4.05859375,99.49189999315422,502.5534742370019,93.87515625,3.90625
9,4096,1000,50,195.3125,4694.9287109375,24.038035,4499.6162109375,200.87890625,0.2734375,0.0,0.0234375,4.28515625,85.0015999894822,588.2242217344948,93.89857421875,3.90625
10,4096,1000,50,195.3125,4694.7353515625,24.037045,4499.4228515625,200.87890625,0.28125,0.0,0.0234375,4.27734375,88.02799999830313,568.0010905730429,93.89470703125,3.90625
1,4096,1000,100,390.625,9390.6767578125,24.0401325,9000.0517578125,200.87890625,0.28125,0.00390625,0.03125,9.08203125,185.08080000174232,540.3045588686596,93.906767578125,3.90625
2,4096,1000,100,390.625,9392.3037109375,24.0442975,9001.6787109375,200.6953125,0.28125,0.0,0.02734375,9.609375,173.11709999921732,577.6436874257489,93.923037109375,3.90625
3,4096,1000,100,390.625,9391.16796875,24.04139,9000.54296875,201.33203125,0.34765625,0.0,0.0390625,8.92578125,174.4087999977637,573.365564130263,93.9116796875,3.90625
4,4096,1000,100,390.625,9387.228515625,24.031305,8996.603515625,201.71875,0.28125,0.0,0.03125,8.71875,178.83699999947567,559.1684047500976,93.87228515625,3.90625
5,4096,1000,100,390.625,9387.947265625,24.033145,8997.322265625,201.54296875,0.26171875,0.0,0.02734375,8.65625,207.68620001035742,481.4956409959494,93.87947265625,3.90625
6,4096,1000,100,390.625,9390.1015625,24.03866,8999.4765625,201.515625,0.26953125,0.0,0.02734375,8.74609375,194.03329999477137,515.375453608709,93.901015625,3.90625
7,4096,1000,100,390.625,9390.4267578125,24.0394925,8999.8017578125,201.0546875,0.40234375,0.0,0.02734375,9.48828125,176.5090999979293,566.5430280998155,93.904267578125,3.90625
8,4096,1000,100,390.625,9390.3701171875,24.0393475,8999.7451171875,201.19921875,0.3125,0.03515625,0.0390625,9.28515625,201.80570000957232,495.5261422014178,93.903701171875,3.90625
9,4096,1000,100,390.625,9389.013671875,24.035875,8998.388671875,201.16796875,0.68359375,0.00390625,0.03515625,9.04296875,179.96059999859426,555.6771871219653,93.89013671875,3.90625
10,4096,1000,100,390.625,9388.8427734375,24.0354375,8998.2177734375,201.5234375,0.37109375,0.0,0.03515625,8.75,188.6262999905739,530.1487650714521,93.888427734375,3.90625
1,8192,100,1,0.390625,326.380859375,835.535,325.990234375,201.4453125,81.12109375,0.0,0.4375,81.953125,3.6856000078842044,271.32624209377263,326.380859375,0.390625
2,8192,100,1,0.390625,326.3818359375,835.5375,325.9912109375,283.1484375,0.37109375,0.0,0.0234375,0.39453125,3.584599995519966,278.9711547312951,326.3818359375,0.390625
3,8192,100,1,0.390625,326.390625,835.56,326.0,283.296875,0.24609375,0.0,0.0,0.24609375,3.8449999992735684,260.0780234561584,326.390625,0.390625
4,8192,100,1,0.390625,326.59765625,836.09,326.20703125,283.296875,0.24609375,0.0,0.0,0.24609375,3.2414999877801165,308.4991527903204,326.59765625,0.390625
5,8192,100,1,0.390625,326.3828125,835.54,325.9921875,283.30078125,0.2421875,0.0,0.0,0.2421875,4.890800002613105,204.46552700288504,326.3828125,0.390625
6,8192,100,1,0.390625,326.470703125,835.765,326.080078125,283.3046875,0.25,0.0,0.0,0.25,4.702499994891696,212.65284446279543,326.470703125,0.390625
7,8192,100,1,0.390625,326.33984375,835.43,325.94921875,283.3046875,0.2421875,0.0,0.0,0.2421875,3.4327000030316412,291.3158735446834,326.33984375,0.390625
8,8192,100,1,0.390625,325.9296875,834.38,325.5390625,283.3046875,0.25,0.0,0.0,0.25,4.434200003743172,225.5198230020839,325.9296875,0.390625
9,8192,100,1,0.390625,326.578125,836.04,326.1875,283.3046875,0.25,0.0,0.0,0.25,4.530799997155555,220.71157425350975,326.578125,0.390625
10,8192,100,1,0.390625,326.45703125,835.73,326.06640625,283.3046875,0.25390625,0.0,0.0,0.25390625,3.8173999928403646,261.9584014972302,326.45703125,0.390625
1,8192,100,10,3.90625,3265.142578125,835.8765,3261.236328125,283.3125,0.25390625,0.0,3.38671875,6.92578125,34.66590000607539,288.46791798993956,326.5142578125,0.390625
2,8192,100,10,3.90625,3264.3955078125,835.68525,3260.4892578125,284.31640625,1.98046875,0.0,0.0625,5.5625,33.79659999336582,295.88775208047474,326.43955078125,0.390625
3,8192,100,10,3.90625,3264.150390625,835.6225,3260.244140625,284.578125,1.74609375,0.0,0.0625,5.5390625,30.83370000240393,324.3204675151006,326.4150390625,0.390625
4,8192,100,10,3.90625,3264.9599609375,835.82975,3261.0537109375,284.90625,1.4140625,0.0,0.0625,5.10546875,33.69640000164509,296.76760720764804,326.49599609375,0.390625
5,8192,100,10,3.90625,3264.0126953125,835.58725,3260.1064453125,284.90625,1.69140625,0.0,0.05859375,5.2109375,31.982300002709962,312.6729471974395,326.40126953125,0.390625
6,8192,100,10,3.90625,3264.85546875,835.803,3260.94921875,284.5546875,1.74609375,0.0,0.05859375,5.73828125,33.38829999847803,299.50611443097847,326.485546875,0.390625
7,8192,100,10,3.90625,3264.30859375,835.663,3260.40234375,284.546875,1.74609375,0.0,0.05859375,5.13671875,38.33169999415986,260.88068104267694,326.430859375,0.390625
8,8192,100,10,3.90625,3264.6748046875,835.75675,3260.7685546875,284.8828125,1.73828125,0.0,0.05859375,5.42578125,32.15129999443889,311.0294141054847,326.46748046875,0.390625
9,8192,100,10,3.90625,3265.271484375,835.9095,3261.365234375,284.87890625,1.48828125,0.0,0.05859375,5.16796875,30.92869999818504,323.32429104963416,326.5271484375,0.390625
10,8192,100,10,3.90625,3264.970703125,835.8325,3261.064453125,284.5703125,1.7265625,0.0,0.05859375,6.05078125,32.325799998943694,309.3504259856452,326.4970703125,0.390625
1,8192,100,50,19.53125,16320.4931640625,835.60925,16300.9619140625,284.56640625,1.734375,0.0078125,15.13671875,33.5,177.39389999769628,281.85862084687983,326.40986328125,0.390625
2,8192,100,50,19.53125,16323.6474609375,835.77075,16304.1162109375,301.57421875,1.171875,0.0,0.05859375,17.59765625,180.345100001432,277.2462351325485,326.47294921875,0.390625
3,8192,100,50,19.53125,16324.1083984375,835.79435,16304.5771484375,300.625,1.41796875,0.0,0.05859375,18.03125,168.70270000072196,296.3793703348318,326.48216796875,0.390625
4,8192,100,50,19.53125,16320.634765625,835.6165,16301.103515625,300.9296875,1.16015625,0.0,0.05859375,17.7265625,174.7754999960307,286.0812871434242,326.4126953125,0.390625
5,8192,100,50,19.53125,16322.4326171875,835.70855,16302.9013671875,299.21875,2.1796875,0.0078125,0.07421875,20.8515625,172.3517000064021,290.10447821601247,326.44865234375,0.390625
6,8192,100,50,19.53125,16323.3779296875,835.75695,16303.8466796875,301.59375,1.16796875,0.0,0.05859375,16.77734375,189.17289999080822,264.30847125793105,326.46755859375,0.390625
7,8192,100,50,19.53125,16324.439453125,835.8113,16304.908203125,301.91015625,1.171875,0.0,0.0625,16.6640625,165.8241000113776,301.5243260573667,326.4887890625,0.390625
8,8192,100,50,19.53125,16321.3671875,835.654,16301.8359375,301.26171875,1.171875,0.0,0.05859375,17.4921875,163.00840000621974,306.7326591641425,326.42734375,0.390625
9,8192,100,50,19.53125,16323.5771484375,835.76715,16304.0458984375,301.890625,1.17578125,0.0,0.05859375,16.75,179.74030000914354,278.17912842838507,326.47154296875,0.390625
10,8192,100,50,19.53125,16322.5185546875,835.71295,16302.9873046875,301.90234375,1.16015625,0.0,0.05859375,17.25390625,163.07680000318214,306.60400497817193,326.45037109375,0.390625
1,8192,100,100,39.0625,32645.44921875,835.7235,32606.38671875,301.890625,1.1640625,0.00390625,18.83203125,51.609375,351.9250999961514,284.15137198538434,326.4544921875,0.390625
2,8192,100,100,39.0625,32643.267578125,835.66765,32604.205078125,320.6875,1.1640625,0.0,0.0625,32.33984375,342.5640000059502,291.91625505967653,326.43267578125,0.390625
3,8192,100,100,39.0625,32640.98828125,835.6093,32601.92578125,319.4296875,1.41796875,0.0,0.08984375,33.71484375,353.2548999937717,283.0817067272474,326.4098828125,0.390625
4,8192,100,100,39.0625,32645.9912109375,835.737375,32606.9287109375,318.2265625,1.98046875,0.0,0.0703125,35.375,337.8271000110544,296.00940835334933,326.459912109375,0.390625
5,8192,100,100,39.0625,32647.9755859375,835.788175,32608.9130859375,320.71484375,1.421875,0.0,0.09375,33.02734375,329.40899999812245,303.5739764261753,326.479755859375,0.390625
6,8192,100,100,39.0625,32645.400390625,835.72225,32606.337890625,320.70703125,1.41796875,0.0,0.0859375,33.85546875,331.09729998977855,302.0260207591157,326.45400390625,0.390625
7,8192,100,100,39.0625,32639.5244140625,835.571825,32600.4619140625,320.39453125,1.41796875,0.0,0.0703125,33.58203125,324.536200001603,308.1320358083507,326.395244140625,0.390625
8,8192,100,100,39.0625,32645.68359375,835.7295,32606.62109375,319.7578125,1.73828125,0.0,0.05078125,34.02734375,351.94500000216067,284.1353052306073,326.4568359375,0.390625
9,8192,100,100,39.0625,32641.8203125,835.6306,32602.7578125,321.02734375,1.4140625,0.0,0.08984375,32.72265625,361.0989000007976,276.932441499487,326.418203125,0.390625
10,8192,100,100,39.0625,32645.861328125,835.73405,32606.798828125,321.3515625,1.421875,0.0,0.05078125,32.44140625,339.149899999029,294.85487095908417,326.45861328125,0.390625
1,8192,300,1,1.171875,326.4228515625,278.5475,325.2509765625,319.7421875,1.4140625,0.0,0.05859375,1.8359375,3.3802999969339,295.8317311797917,326.4228515625,1.171875
2,8192,300,1,1.171875,326.6318359375,278.72583333333336,325.4599609375,321.3359375,0.25,0.0,0.0,0.25,3.3121000014944,301.92325097334196,326.6318359375,1.171875
3,8192,300,1,1.171875,326.2666015625,278.4141666666667,325.0947265625,321.3359375,0.25,0.0,0.0,0.25,3.3968000061577186,294.3947239128592,326.2666015625,1.171875
4,8192,300,1,1.171875,326.619140625,278.715,325.447265625,321.3359375,0.24609375,0.0,0.0,0.24609375,3.5598000104073435,280.9146573055859,326.619140625,1.171875
5,8192,300,1,1.171875,326.6396484375,278.7325,325.4677734375,321.3359375,0.25,0.0,0.0,0.25,3.2752999977674335,305.31554382243985,326.6396484375,1.171875
6,8192,300,1,1.171875,326.46875,278.58666666666664,325.296875,321.33984375,0.25,0.0,0.0,0.25,3.8300000014714897,261.09660564381176,326.46875,1.171875
7,8192,300,1,1.171875,326.65234375,278.74333333333334,325.48046875,321.33984375,0.25,0.0,0.0,0.25,4.18329999956768,239.0457294727474,326.65234375,1.171875
8,8192,300,1,1.171875,326.36328125,278.49666666666667,325.19140625,321.33984375,0.24609375,0.0,0.0,0.24609375,4.75229999574367,210.42442625584158,326.36328125,1.171875
9,8192,300,1,1.171875,326.5703125,278.67333333333335,325.3984375,321.33984375,0.234375,0.0,0.0,0.234375,4.796999986865558,208.46362366855396,326.5703125,1.171875
10,8192,300,1,1.171875,326.5390625,278.64666666666665,325.3671875,321.33984375,0.24609375,0.0,0.0,0.24609375,4.068599999300204,245.78479087941776,326.5390625,1.171875
1,8192,300,10,11.71875,3264.7314453125,278.59041666666667,3253.0126953125,321.33984375,0.23046875,0.0,0.0,3.1875,31.77819999109488,314.6811336954979,326.47314453125,1.171875
2,8192,300,10,11.71875,3263.9736328125,278.52575,3252.2548828125,318.75390625,1.73828125,0.0,0.0625,6.55078125,39.53249999904074,252.95642826137106,326.39736328125,1.171875
3,8192,300,10,11.71875,3264.8037109375,278.59658333333334,3253.0849609375,318.75390625,1.73828125,0.0,0.0625,6.09375,31.942300003720447,313.06449438003085,326.48037109375,1.171875
4,8192,300,10,11.71875,3263.3154296875,278.46958333333333,3251.5966796875,318.75390625,1.7421875,0.0,0.0625,6.421875,39.18839999823831,255.17755255252945,326.33154296875,1.171875
5,8192,300,10,11.71875,3265.5224609375,278.65791666666667,3253.8037109375,318.7578125,1.73046875,0.0,0.0625,6.54296875,46.825500001432374,213.55885147396407,326.55224609375,1.171875
6,8192,300,10,11.71875,3264.7939453125,278.59575,3253.0751953125,318.76171875,1.73828125,0.0,0.0625,6.55078125,33.63720000197645,297.28990520651007,326.47939453125,1.171875
7,8192,300,10,11.71875,3263.6083984375,278.4945833333333,3251.8896484375,318.76171875,1.7421875,0.0,0.0625,6.5546875,35.30620000674389,283.23637202785585,326.36083984375,1.171875
8,8192,300,10,11.71875,3264.85546875,278.601,3253.13671875,318.765625,1.73046875,0.0,0.0625,6.54296875,32.52930000599008,307.4151610443065,326.485546875,1.171875
9,8192,300,10,11.71875,3265.4619140625,278.65275,3253.7431640625,318.765625,1.73828125,0.0,0.0625,7.16796875,36.52870000223629,273.75734694603966,326.54619140625,1.171875
10,8192,300,10,11.71875,3264.96875,278.61066666666665,3253.25,318.765625,1.74609375,0.0,0.0625,6.42578125,35.1920999964932,284.15468247124994,326.496875,1.171875
1,8192,300,50,58.59375,16322.646484375,278.5731666666667,16264.052734375,318.78125,1.73828125,0.125,0.0625,19.25390625,174.5029000012437,286.52818950082576,326.4529296875,1.171875
2,8192,300,50,58.59375,16323.091796875,278.58076666666665,16264.498046875,318.14453125,2.16796875,0.0,0.06640625,20.046875,168.08299999684095,297.4720822506722,326.4618359375,1.171875
3,8192,300,50,58.59375,16323.77734375,278.59246666666667,16265.18359375,317.8984375,2.41796875,0.0,0.06640625,20.109375,173.46559998986777,288.2415879743334,326.475546875,1.171875
4,8192,300,50,58.59375,16324.1064453125,278.5980833333333,16265.5126953125,317.91015625,2.4140625,0.0,0.0625,19.78515625,172.92490000545513,289.1428591164297,326.48212890625,1.171875
5,8192,300,50,58.59375,16324.1923828125,278.59955,16265.5986328125,320.8046875,1.421875,0.0,0.0625,17.2265625,177.0639000023948,282.38393031738116,326.48384765625,1.171875
6,8192,300,50,58.59375,16323.0751953125,278.58048333333335,16264.4814453125,317.8984375,2.41015625,0.0,0.0625,19.85546875,174.63590000988916,286.30997404982963,326.46150390625,1.171875
7,8192,300,50,58.59375,16323.0908203125,278.58075,16264.4970703125,317.90234375,2.4140625,0.0,0.0625,19.875,178.57160000130534,279.99973119821124,326.46181640625,1.171875
8,8192,300,50,58.59375,16322.4833984375,278.5703833333333,16263.8896484375,321.125,1.41796875,0.0,0.0625,17.25390625,172.4508000042988,289.9377677503011,326.44966796875,1.171875
9,8192,300,50,58.59375,16324.068359375,278.59743333333336,16265.474609375,317.89453125,2.40234375,0.0,0.0625,19.8046875,169.16079999646172,295.57675301278925,326.4813671875,1.171875
10,8192,300,50,58.59375,16320.927734375,278.54383333333334,16262.333984375,320.8046875,1.4140625,0.0,0.0625,17.01953125,178.36990000796504,280.31635381175454,326.4185546875,1.171875
1,8192,300,100,117.1875,32643.5947265625,278.558675,32526.4072265625,321.4296875,1.41796875,0.0,0.078125,32.98828125,326.5170000086073,306.2627673210397,326.435947265625,1.171875
2,8192,300,100,117.1875,32645.62890625,278.5760333333333,32528.44140625,319.2265625,1.421875,0.0,0.05859375,34.86328125,342.59830000519287,291.8870292073378,326.4562890625,1.171875
3,8192,300,100,117.1875,32645.62890625,278.5760333333333,32528.44140625,318.59765625,1.734375,0.0,0.05859375,36.0625,345.892700002878,289.1069976300973,326.4562890625,1.171875
4,8192,300,100,117.1875,32643.2314453125,278.555575,32526.0439453125,320.1953125,1.421875,0.0,0.05859375,34.51171875,346.2277999933576,288.8271825714703,326.432314453125,1.171875
5,8192,300,100,117.1875,32646.037109375,278.5795166666667,32528.849609375,321.16015625,1.41796875,0.0,0.05859375,33.32421875,334.9430000089342,298.55826214410405,326.46037109375,1.171875
6,8192,300,100,117.1875,32644.3642578125,278.5652416666667,32527.1767578125,319.55859375,1.421875,0.0,0.0625,34.72265625,336.65539999492466,297.0396435093796,326.443642578125,1.171875
7,8192,300,100,117.1875,32646.451171875,278.58305,32529.263671875,319.8828125,1.4140625,0.0,0.0625,34.11328125,386.68359999428503,258.6093643523489,326.46451171875,1.171875
8,8192,300,100,117.1875,32645.78515625,278.57736666666665,32528.59765625,320.2109375,1.41796875,0.0,0.05859375,33.453125,342.94580000278074,291.5912660227626,326.4578515625,1.171875
9,8192,300,100,117.1875,32646.1015625,278.58006666666665,32528.9140625,320.85546875,1.41796875,0.0,0.05859375,34.05859375,338.5134999989532,295.4091934304222,326.461015625,1.171875
10,8192,300,100,117.1875,32646.658203125,278.58481666666665,32529.470703125,320.84375,1.4140625,0.0,0.05859375,34.3046875,377.58419998863246,264.84159030756746,326.46658203125,1.171875
1,8192,500,1,1.953125,326.2607421875,167.0455,324.3076171875,321.16015625,1.41796875,0.0,0.05859375,1.8515625,4.596800004946999,217.54263812300226,326.2607421875,1.953125
2,8192,500,1,1.953125,326.2431640625,167.0365,324.2900390625,322.765625,0.24609375,0.0,0.0,0.24609375,3.3395000064047053,299.4460242797234,326.2431640625,1.953125
3,8192,500,1,1.953125,326.53515625,167.186,324.58203125,322.765625,0.25,0.0,0.0,0.25,4.585100003168918,218.09775126144817,326.53515625,1.953125
4,8192,500,1,1.953125,326.5390625,167.188,324.5859375,322.765625,0.234375,0.0,0.00390625,0.23828125,9.730399993713945,102.7706980849731,326.5390625,1.953125
5,8192,500,1,1.953125,326.251953125,167.041,324.298828125,322.76953125,0.2421875,0.0,0.0,0.2421875,5.033599998569116,198.66497144871792,326.251953125,1.953125
6,8192,500,1,1.953125,326.478515625,167.157,324.525390625,322.7734375,0.24609375,0.0,0.0,0.24609375,3.5682000016095117,280.2533489011067,326.478515625,1.953125
7,8192,500,1,1.953125,326.4501953125,167.1425,324.4970703125,322.7734375,0.25,0.0,0.0,0.25,5.162499990547076,193.70460083894915,326.4501953125,1.953125
8,8192,500,1,1.953125,326.5751953125,167.2065,324.6220703125,322.77734375,0.25,0.0,0.0,0.25,3.8560999964829534,259.3293744747474,326.5751953125,1.953125
9,8192,500,1,1.953125,326.6494140625,167.2445,324.6962890625,322.77734375,0.24609375,0.0,0.0,0.25390625,3.544800012605265,282.10336166892705,326.6494140625,1.953125
10,8192,500,1,1.953125,325.640625,166.728,323.6875,322.78515625,0.2421875,0.0,0.0,0.2421875,3.503700005239807,285.4125634342247,325.640625,1.953125
1,8192,500,10,19.53125,3264.8662109375,167.16115,3245.3349609375,322.78515625,0.25,0.0,0.0,3.6953125,37.48509999422822,266.77266437970695,326.48662109375,1.953125
2,8192,500,10,19.53125,3262.9140625,167.0612,3243.3828125,318.61328125,1.734375,0.0,0.05859375,6.23046875,36.57940000994131,273.3779120839124,326.29140625,1.953125
3,8192,500,10,19.53125,3264.876953125,167.1617,3245.345703125,318.61328125,1.73828125,0.0,0.0625,6.6875,39.254400006029755,254.74851222955718,326.4876953125,1.953125
4,8192,500,10,19.53125,3263.89453125,167.1114,3244.36328125,318.6171875,1.73828125,0.0,0.05859375,6.68359375,45.260699989739805,220.94223028514605,326.389453125,1.953125
5,8192,500,10,19.53125,3264.7578125,167.1556,3245.2265625,318.9375,1.73828125,0.0,0.05859375,5.9140625,34.95739999925718,286.0624646058487,326.47578125,1.953125
6,8192,500,10,19.53125,3264.0927734375,167.12155,3244.5615234375,318.9296875,1.734375,0.0,0.05859375,6.359375,31.066600000485778,321.88910276128166,326.40927734375,1.953125
7,8192,500,10,19.53125,3265.0634765625,167.17125,3245.5322265625,318.9296875,1.73046875,0.0,0.05859375,6.35546875,34.171899998909794,292.63810324620624,326.50634765625,1.953125
8,8192,500,10,19.53125,3264.59375,167.1472,3245.0625,318.92578125,1.734375,0.0,0.05859375,5.91015625,32.04849999747239,312.02708397549594,326.459375,1.953125
9,8192,500,10,19.53125,3264.025390625,167.1181,3244.494140625,318.92578125,1.734375,0.0,0.05859375,5.91015625,42.61809999297839,234.6420887286755,326.4025390625,1.953125
10,8192,500,10,19.53125,3264.0673828125,167.12025,3244.5361328125,318.92578125,1.7265625,0.0,0.05859375,5.90234375,32.91390000958927,303.8230047817657,326.40673828125,1.953125
1,8192,500,50,97.65625,16322.119140625,167.1385,16224.462890625,318.92578125,1.72265625,0.0,0.1875,19.0625,180.46920000051614,277.0555862155814,326.4423828125,1.953125
2,8192,500,50,97.65625,16322.669921875,167.14414,16225.013671875,321.67578125,1.42578125,0.0,0.0625,16.0234375,166.40729999926407,300.46758766124515,326.4533984375,1.953125
3,8192,500,50,97.65625,16322.47265625,167.14212,16224.81640625,321.6796875,1.421875,0.0,0.05859375,16.6484375,191.32779999927152,261.33159948627633,326.449453125,1.953125
4,8192,500,50,97.65625,16321.103515625,167.1281,16223.447265625,320.390625,1.4296875,0.0,0.0625,17.71875,170.51250000076834,293.23363389648677,326.4220703125,1.953125
5,8192,500,50,97.65625,16324.3955078125,167.16181,16226.7392578125,318.1171875,2.421875,0.0,0.05859375,20.05859375,179.70619999687187,278.2319140957315,326.48791015625,1.953125
6,8192,500,50,97.65625,16322.2568359375,167.13991,16224.6005859375,321.6875,1.421875,0.0,0.05859375,16.24609375,175.4940999962855,284.909863072652,326.44513671875,1.953125
7,8192,500,50,97.65625,16323.6103515625,167.15377,16225.9541015625,318.12890625,2.4140625,0.0,0.05859375,20.42578125,172.9678999981843,289.07097791280853,326.47220703125,1.953125
8,8192,500,50,97.65625,16323.6708984375,167.15439,16226.0146484375,320.07421875,1.42578125,0.0,0.05859375,18.41796875,204.02330000069924,245.07004837108622,326.47341796875,1.953125
9,8192,500,50,97.65625,16323.9189453125,167.15693,16226.2626953125,321.34765625,1.42578125,0.0,0.0625,17.44921875,181.5416000026744,275.4189673290498,326.47837890625,1.953125
10,8192,500,50,97.65625,16319.67578125,167.11348,16222.01953125,321.0390625,1.42578125,0.0,0.0625,17.06640625,178.86970000108704,279.5330902869303,326.393515625,1.953125
1,8192,500,100,195.3125,32646.41015625,167.14962,32451.09765625,321.0390625,1.41796875,0.0078125,0.19140625,33.52734375,348.73979999974836,286.746737825944,326.4641015625,1.953125
2,8192,500,100,195.3125,32645.796875,167.14648,32450.484375,321.19140625,1.4140625,0.00390625,0.05859375,33.85546875,355.30589999689255,281.4476202080365,326.45796875,1.953125
3,8192,500,100,195.3125,32644.529296875,167.13999,32449.216796875,321.5,1.421875,0.0,0.05859375,32.1171875,340.3261999919778,293.8357376022099,326.44529296875,1.953125
4,8192,500,100,195.3125,32641.146484375,167.12267,32445.833984375,319.56640625,1.421875,0.0,0.06640625,34.80859375,341.9587000098545,292.43297508476377,326.41146484375,1.953125
5,8192,500,100,195.3125,32647.3759765625,167.154565,32452.0634765625,320.85546875,1.42578125,0.0,0.06640625,34.890625,354.4802999967942,282.1031239279146,326.473759765625,1.953125
6,8192,500,100,195.3125,32645.9111328125,167.147065,32450.5986328125,321.55859375,1.42578125,0.0,0.05859375,33.1875,335.6975000060629,297.8872347818912,326.459111328125,1.953125
7,8192,500,100,195.3125,32648.21875,167.15888,32452.90625,321.55859375,1.42578125,0.0,0.0625,32.99609375,330.1365000079386,302.90501049594747,326.4821875,1.953125
8,8192,500,100,195.3125,32645.56640625,167.1453,32450.25390625,320.59375,1.73828125,0.0,0.05859375,33.73828125,344.00450000248384,290.69387173504407,326.4556640625,1.953125
9,8192,500,100,195.3125,32643.623046875,167.13535,32448.310546875,321.56640625,1.42578125,0.0,0.06640625,33.19140625,350.1948000048287,285.55535375916816,326.43623046875,1.953125
10,8192,500,100,195.3125,32645.791015625,167.14645,32450.478515625,321.2421875,1.421875,0.0,0.05859375,33.83203125,349.9491999973543,285.75576112406037,326.45791015625,1.953125
1,8192,1000,1,3.90625,326.2861328125,83.52925,322.3798828125,318.33203125,2.16796875,0.0,0.05859375,3.19921875,3.485199995338917,286.9275798626745,326.2861328125,3.90625
2,8192,1000,1,3.90625,326.59375,83.608,322.6875,321.28515625,0.23828125,0.0,0.0,0.23828125,3.478700004052371,287.4637073720328,326.59375,3.90625
3,8192,1000,1,3.90625,326.625,83.616,322.71875,321.28515625,0.25,0.0,0.0,0.25,4.721200006315485,211.81055635480675,326.625,3.90625
4,8192,1000,1,3.90625,326.623046875,83.6155,322.716796875,321.2890625,0.30859375,0.0,0.0,0.30859375,3.5773999989032745,279.53262154262046,326.623046875,3.90625
5,8192,1000,1,3.90625,326.30078125,83.533,322.39453125,321.3515625,0.2421875,0.0,0.0,0.2421875,3.8409999979194254,260.348867623451,326.30078125,3.90625
6,8192,1000,1,3.90625,326.625,83.616,322.71875,321.3515625,0.234375,0.0,0.0,0.234375,3.4752999927150086,287.7449434858054,326.625,3.90625
7,8192,1000,1,3.90625,326.4912109375,83.58175,322.5849609375,321.33984375,0.2421875,0.0,0.0,0.2421875,3.517299992381595,284.3089876228871,326.4912109375,3.90625
8,8192,1000,1,3.90625,326.412109375,83.5615,322.505859375,321.33984375,0.24609375,0.0,0.0,0.24609375,5.345400000805967,187.0767388500809,326.412109375,3.90625
9,8192,1000,1,3.90625,326.5556640625,83.59825,322.6494140625,321.33984375,0.24609375,0.0,0.0,0.24609375,3.457800004980527,289.2012257966411,326.5556640625,3.90625
10,8192,1000,1,3.90625,326.439453125,83.5685,322.533203125,321.33984375,0.24609375,0.0,0.0,0.24609375,3.482500003883615,287.1500355735305,326.439453125,3.90625
1,8192,1000,10,39.0625,3264.421875,83.5692,3225.359375,321.34375,0.25,0.0,0.0,3.8359375,33.424099994590506,299.1853184264779,326.4421875,3.90625
2,8192,1000,10,39.0625,3264.5439453125,83.572325,3225.4814453125,318.62109375,1.73828125,0.0,0.05859375,6.359375,32.12300001177937,311.30342733658256,326.45439453125,3.90625
3,8192,1000,10,39.0625,3264.0048828125,83.558525,3224.9423828125,318.62109375,1.734375,0.0,0.05859375,6.35546875,34.011499999905936,294.01819972737627,326.40048828125,3.90625
4,8192,1000,10,39.0625,3263.6337890625,83.549025,3224.5712890625,318.625,1.73828125,0.0,0.05859375,7.2421875,34.91450000728946,286.4139540280455,326.36337890625,3.90625
5,8192,1000,10,39.0625,3264.7021484375,83.576375,3225.6396484375,318.62109375,1.73828125,0.0,0.05859375,6.359375,37.99549999530427,263.1890618951156,326.47021484375,3.90625
6,8192,1000,10,39.0625,3265.017578125,83.58445,3225.955078125,318.62109375,1.73046875,0.0,0.05859375,6.79296875,35.51529999822378,281.5687886769963,326.5017578125,3.90625
7,8192,1000,10,39.0625,3264.70703125,83.5765,3225.64453125,318.62109375,1.734375,0.0,0.05859375,7.23828125,34.09580000152346,293.2912558013944,326.470703125,3.90625
8,8192,1000,10,39.0625,3264.61328125,83.5741,3225.55078125,318.62109375,1.734375,0.0,0.05859375,6.796875,36.388099993928336,274.81511817513376,326.461328125,3.90625
9,8192,1000,10,39.0625,3264.908203125,83.58165,3225.845703125,318.9375,1.734375,0.0,0.05859375,6.48046875,37.6955999963684,265.28295082087567,326.4908203125,3.90625
10,8192,1000,10,39.0625,3263.4248046875,83.543675,3224.3623046875,318.9375,1.7265625,0.0,0.05859375,6.03125,37.42059999785852,267.2324869342628,326.34248046875,3.90625
1,8192,1000,50,195.3125,16321.912109375,83.56819,16126.599609375,318.9375,1.73828125,0.12109375,0.0625,19.4140625,166.4500000042608,300.3905076522685,326.4382421875,3.90625
2,8192,1000,50,195.3125,16323.5205078125,83.576425,16128.2080078125,318.05078125,2.4140625,0.00390625,0.05859375,20.11328125,178.14329999964684,280.6729189371653,326.47041015625,3.90625
3,8192,1000,50,195.3125,16323.6728515625,83.577205,16128.3603515625,318.30078125,2.16796875,0.0,0.05859375,20.0390625,162.9012000048533,306.9345099883264,326.47345703125,3.90625
4,8192,1000,50,195.3125,16322.3544921875,83.570455,16127.0419921875,318.05078125,2.4140625,0.0,0.0625,21.19140625,165.5151000013575,302.08724158454373,326.44708984375,3.90625
5,8192,1000,50,195.3125,16320.4755859375,83.560835,16125.1630859375,318.0546875,2.41015625,0.0,0.05859375,20.10546875,176.20919999899343,283.75362921053846,326.40951171875,3.90625
6,8192,1000,50,195.3125,16324.384765625,83.58085,16129.072265625,318.3046875,2.1640625,0.0,0.05859375,19.7109375,170.33540000556968,293.5385128303634,326.4876953125,3.90625
7,8192,1000,50,195.3125,16320.7451171875,83.562215,16125.4326171875,318.3046875,2.16796875,0.0,0.06640625,20.2265625,166.32999999274034,300.60722661084776,326.41490234375,3.90625
8,8192,1000,50,195.3125,16323.935546875,83.57855,16128.623046875,318.06640625,2.375,0.0,0.05859375,19.87890625,166.3304999965476,300.6063229596365,326.4787109375,3.90625
9,8192,1000,50,195.3125,16322.9873046875,83.573695,16127.6748046875,318.03125,2.41015625,0.0,0.0625,20.97265625,167.78830000839662,297.99455622053415,326.45974609375,3.90625
10,8192,1000,50,195.3125,16324.3447265625,83.580645,16129.0322265625,318.28125,2.1640625,0.0,0.05859375,20.34765625,191.91500000306405,260.5320063528214,326.48689453125,3.90625
1,8192,1000,100,390.625,32647.443359375,83.577455,32256.818359375,318.27734375,2.16796875,0.24609375,0.0703125,36.39453125,343.69510000396986,290.9555591535781,326.47443359375,3.90625
2,8192,1000,100,390.625,32647.3134765625,83.5771225,32256.6884765625,320.5625,1.4140625,0.00390625,0.05859375,34.10546875,318.114500012598,314.35222222199803,326.473134765625,3.90625
3,8192,1000,100,390.625,32642.9794921875,83.5660275,32252.3544921875,320.5703125,1.41796875,0.0,0.05859375,33.9609375,317.97040000674315,314.49468251723846,326.429794921875,3.90625
4,8192,1000,100,390.625,32644.8173828125,83.5707325,32254.1923828125,318.28515625,2.16796875,0.2421875,0.05859375,36.14453125,335.7087999902433,297.87720787452196,326.448173828125,3.90625
5,8192,1000,100,390.625,32647.4892578125,83.5775725,32256.8642578125,321.8359375,1.40625,0.00390625,0.0625,33.19140625,331.89660000789445,301.29865746627536,326.474892578125,3.90625
6,8192,1000,100,390.625,32641.744140625,83.562865,32251.119140625,320.625,1.421875,0.0,0.0625,33.62109375,333.00769999914337,300.2933565808155,326.41744140625,3.90625
7,8192,1000,100,390.625,32646.12890625,83.57409,32255.50390625,320.3203125,1.73828125,0.0,0.0625,34.53515625,342.13699999963865,292.2805776636424,326.4612890625,3.90625
8,8192,1000,100,390.625,32648.369140625,83.579825,32257.744140625,320.6328125,1.421875,0.0,0.05859375,34.34765625,398.5529000055976,250.90772140560392,326.48369140625,3.90625
9,8192,1000,100,390.625,32641.9814453125,83.5634725,32251.3564453125,321.59375,1.40625,0.0,0.06640625,32.9375,330.95740000135265,302.1536910780399,326.419814453125,3.90625
10,8192,1000,100,390.625,32644.91015625,83.57097,32254.28515625,318.9296875,1.734375,0.1171875,0.05859375,36.17578125,340.98930000618566,293.26433409548616,326.4491015625,3.90625
1,16384,100,1,0.390625,716.314453125,1833.765,715.923828125,318.359375,164.375,0.0,0.49609375,166.61328125,7.273900002473965,137.4778316528801,716.314453125,0.390625
2,16384,100,1,0.390625,716.3515625,1833.86,715.9609375,484.72265625,0.24609375,0.0,0.125,0.37890625,6.680000005871989,149.70059867080235,716.3515625,0.390625
3,16384,100,1,0.390625,716.2919921875,1833.7075,715.9013671875,484.859375,0.24609375,0.0,0.0,0.24609375,6.957400008104742,143.7318536860164,716.2919921875,0.390625
4,16384,100,1,0.390625,716.318359375,1833.775,715.927734375,484.859375,0.24609375,0.0,0.0,0.24609375,6.933299999218434,144.23146266752144,716.318359375,0.390625
5,16384,100,1,0.390625,716.3955078125,1833.9725,716.0048828125,484.859375,0.25,0.0,0.0,0.25,9.999399990192614,100.00600045810722,716.3955078125,0.390625
6,16384,100,1,0.390625,716.28125,1833.68,715.890625,484.859375,0.234375,0.0,0.0,0.234375,6.811300001572818,146.81485175650565,716.28125,0.390625
7,16384,100,1,0.390625,716.306640625,1833.745,715.916015625,484.859375,0.23828125,0.0,0.0,0.23828125,6.700199999613687,149.24927614961598,716.306640625,0.390625
8,16384,100,1,0.390625,716.376953125,1833.925,715.986328125,484.859375,0.24609375,0.0,0.0,0.24609375,7.284099992830306,137.28532021585286,716.376953125,0.390625
9,16384,100,1,0.390625,716.34375,1833.84,715.953125,484.859375,0.25,0.0,0.0,0.25,7.31169999926351,136.767099320367,716.34375,0.390625
10,16384,100,1,0.390625,716.310546875,1833.755,715.919921875,484.859375,0.24609375,0.0,0.0,0.24609375,6.63170000188984,150.79089821840995,716.310546875,0.390625
1,16384,100,10,3.90625,7163.4365234375,1833.83975,7159.5302734375,484.859375,0.25,0.0,6.76171875,12.70703125,64.30719999480061,155.5035828151206,716.34365234375,0.390625
2,16384,100,10,3.90625,7163.283203125,1833.8005,7159.376953125,487.66796875,2.375,0.0,0.4375,10.58984375,65.38469999213703,152.94097856536118,716.3283203125,0.390625
3,16384,100,10,3.90625,7163.158203125,1833.7685,7159.251953125,487.66796875,3.12109375,0.0,0.125,10.5546875,69.51990000379737,143.84370517583844,716.3158203125,0.390625
4,16384,100,10,3.90625,7163.521484375,1833.8615,7159.615234375,486.79296875,3.62109375,0.0,0.125,10.734375,64.722700000857,154.50529721206917,716.3521484375,0.390625
5,16384,100,10,3.90625,7163.423828125,1833.8365,7159.517578125,487.69140625,2.87109375,0.0,0.0625,10.2265625,63.461400000960566,157.57610137577547,716.3423828125,0.390625
6,16384,100,10,3.90625,7163.4990234375,1833.85575,7159.5927734375,487.171875,3.25390625,0.0,0.0625,10.1796875,61.82919999992009,161.73587884062746,716.34990234375,0.390625
7,16384,100,10,3.90625,7163.619140625,1833.8865,7159.712890625,487.67578125,2.7421875,0.0,0.0625,9.671875,68.42789999791421,146.13922099472316,716.3619140625,0.390625
8,16384,100,10,3.90625,7163.2734375,1833.798,7159.3671875,487.671875,2.74609375,0.0,0.0625,9.75390625,62.453199992887676,160.11989779769212,716.32734375,0.390625
9,16384,100,10,3.90625,7163.623046875,1833.8875,7159.716796875,487.6875,2.73828125,0.0,0.0625,10.4296875,67.71390000358224,147.68016610283817,716.3623046875,0.390625
10,16384,100,10,3.90625,7163.611328125,1833.8845,7159.705078125,487.3046875,3.11328125,0.0,0.0625,10.85546875,79.63690000178758,125.56993051933881,716.3611328125,0.390625
1,16384,100,50,19.53125,35817.0537109375,1833.83315,35797.5224609375,487.67578125,2.7421875,0.0,30.11328125,69.08984375,343.9074000052642,145.3879736209068,716.34107421875,0.390625
2,16384,100,50,19.53125,35817.486328125,1833.8553,35797.955078125,519.83203125,1.73828125,0.0,0.0625,37.08203125,365.83179999433924,136.67483253444257,716.3497265625,0.390625
3,16384,100,50,19.53125,35817.4619140625,1833.85405,35797.9306640625,518.9921875,2.375,0.0,0.06640625,36.60546875,341.3470000086818,146.47851013405216,716.34923828125,0.390625
4,16384,100,50,19.53125,35817.236328125,1833.8425,35797.705078125,520.39453125,0.37109375,0.0,0.0625,36.03515625,412.3600000020815,121.25327383778158,716.3447265625,0.390625
5,16384,100,50,19.53125,35817.65625,1833.864,35798.125,518.6328125,1.86328125,0.0,0.0625,37.78515625,353.1844000099227,141.56910667230844,716.353125,0.390625
6,16384,100,50,19.53125,35817.708984375,1833.8667,35798.177734375,518.125,2.37109375,0.0,0.0625,37.578125,334.1266999923391,149.64383271718904,716.3541796875,0.390625
7,16384,100,50,19.53125,35817.1689453125,1833.83905,35797.6376953125,516.94921875,3.36328125,0.0,0.0703125,39.47265625,329.7037000011187,151.65131601444068,716.34337890625,0.390625
8,16384,100,50,19.53125,35817.3642578125,1833.84905,35797.8330078125,520.609375,0.86328125,0.0,0.0625,35.74609375,324.47180000599474,154.09659637317088,716.34728515625,0.390625
9,16384,100,50,19.53125,35816.916015625,1833.8261,35797.384765625,518.8125,1.86328125,0.0,0.0625,36.71484375,335.5163999949582,149.02401194323542,716.3383203125,0.390625
10,16384,100,50,19.53125,35817.083984375,1833.8347,35797.552734375,516.94921875,3.359375,0.0,0.0625,39.3515625,318.2340000057593,157.1170899372635,716.3416796875,0.390625
1,16384,100,100,39.0625,71634.0009765625,1833.830425,71594.9384765625,517.921875,2.3671875,0.0,37.58984375,111.98828125,662.7167000115151,150.89403963754413,716.340009765625,0.390625
2,16384,100,100,39.0625,71633.5224609375,1833.818175,71594.4599609375,554.46875,3.60546875,0.0,0.08203125,75.94140625,664.6499000053154,150.45514939398964,716.335224609375,0.390625
3,16384,100,100,39.0625,71633.947265625,1833.82905,71594.884765625,554.51953125,3.36328125,0.0,0.0859375,75.9296875,648.6325000005309,154.17050486973466,716.33947265625,0.390625
4,16384,100,100,39.0625,71635.041015625,1833.85705,71595.978515625,555.08203125,2.86328125,0.0,0.0703125,75.1875,765.1660000119591,130.69059524134246,716.35041015625,0.390625
5,16384,100,100,39.0625,71634.5458984375,1833.844375,71595.4833984375,555.109375,2.35546875,0.0,0.07421875,75.0078125,690.2074999961769,144.88396605448926,716.345458984375,0.390625
6,16384,100,100,39.0625,71634.1123046875,1833.833275,71595.0498046875,555.47265625,2.3671875,0.0,0.0625,74.4765625,650.1849000051152,153.80240297677364,716.341123046875,0.390625
7,16384,100,100,39.0625,71634.55078125,1833.8445,71595.48828125,555.51171875,2.34375,0.0,0.07421875,74.92578125,648.736100003589,154.14588458919857,716.3455078125,0.390625
8,16384,100,100,39.0625,71634.2978515625,1833.838025,71595.2353515625,555.15625,2.86328125,0.0,0.0625,74.7265625,700.0709999992978,142.84265453089802,716.342978515625,0.390625
9,16384,100,100,39.0625,71634.1787109375,1833.834975,71595.1162109375,555.18359375,2.859375,0.00390625,0.07421875,74.78515625,651.7176999914227,153.44066917519058,716.341787109375,0.390625
10,16384,100,100,39.0625,71634.5419921875,1833.844275,71595.4794921875,554.70703125,3.3515625,0.0,0.06640625,75.48828125,672.0482000091579,148.7988510327642,716.345419921875,0.390625
1,16384,300,1,1.171875,716.31640625,611.2566666666667,715.14453125,555.69140625,2.37109375,0.0,0.0625,4.11328125,7.739499997114763,129.20731318209104,716.31640625,1.171875
2,16384,300,1,1.171875,716.3037109375,611.2458333333333,715.1318359375,559.5546875,0.2421875,0.0,0.0,0.4375,6.745599996065721,148.24478187014296,716.3037109375,1.171875
3,16384,300,1,1.171875,716.26953125,611.2166666666667,715.09765625,559.75,0.25,0.0,0.0,0.25,6.630499992752448,150.8181888384078,716.26953125,1.171875
4,16384,300,1,1.171875,716.4091796875,611.3358333333333,715.2373046875,559.75,0.25,0.0,0.0,0.25,6.742999990819953,148.30194295735114,716.4091796875,1.171875
5,16384,300,1,1.171875,716.4013671875,611.3291666666667,715.2294921875,559.75,0.24609375,0.0,0.0,0.24609375,8.109200003673322,123.31672662494672,716.4013671875,1.171875
6,16384,300,1,1.171875,716.3798828125,611.3108333333333,715.2080078125,559.75,0.24609375,0.0,0.0,0.24609375,6.917000006069429,144.5713458323745,716.3798828125,1.171875
7,16384,300,1,1.171875,716.3671875,611.3,715.1953125,559.75,0.25,0.0,0.0,0.25,7.6505000033648685,130.71041102675338,716.3671875,1.171875
8,16384,300,1,1.171875,716.30859375,611.25,715.13671875,559.75,0.25,0.0,0.0,0.25,10.112599993590266,98.88653764945083,716.30859375,1.171875
9,16384,300,1,1.171875,716.32421875,611.2633333333333,715.15234375,559.75,0.24609375,0.0,0.0,0.24609375,7.6274999883025885,131.10455608437678,716.32421875,1.171875
10,16384,300,1,1.171875,716.3583984375,611.2925,715.1865234375,559.75,0.24609375,0.0,0.0,0.24609375,7.470500000636093,133.85984872697313,716.3583984375,1.171875
1,16384,300,10,11.71875,7163.328125,611.2706666666667,7151.609375,559.75,0.25,0.0,0.0,6.5078125,69.08620000467636,144.74670772633482,716.3328125,1.171875
2,16384,300,10,11.71875,7163.23828125,611.263,7151.51953125,555.53515625,2.48828125,0.0,0.0625,10.48828125,66.52279999980237,150.32440005576598,716.323828125,1.171875
3,16384,300,10,11.71875,7163.3203125,611.27,7151.6015625,555.53515625,2.4921875,0.0,0.0625,10.4921875,66.12940000195522,151.21867126730825,716.33203125,1.171875
4,16384,300,10,11.71875,7163.69140625,611.3016666666666,7151.97265625,555.53515625,2.4921875,0.0,0.0625,10.4921875,64.32459999632556,155.4615186191789,716.369140625,1.171875
5,16384,300,10,11.71875,7163.626953125,611.2961666666666,7151.908203125,555.53125,2.4921875,0.0,0.0625,10.4921875,63.6367999977665,157.14177960474092,716.3626953125,1.171875
6,16384,300,10,11.71875,7163.375,611.2746666666667,7151.65625,555.53125,2.49609375,0.0,0.0625,10.49609375,70.52829999884125,141.7870556948671,716.3375,1.171875
7,16384,300,10,11.71875,7163.41796875,611.2783333333333,7151.69921875,555.5390625,2.4921875,0.0,0.0625,10.4921875,68.13919999694917,146.75840045741268,716.341796875,1.171875
8,16384,300,10,11.71875,7163.4150390625,611.2780833333334,7151.6962890625,555.5390625,2.4921875,0.0,0.0625,10.4921875,73.00029999169055,136.98573843036638,716.34150390625,1.171875
9,16384,300,10,11.71875,7163.2392578125,611.2630833333334,7151.5205078125,555.5390625,2.484375,0.0,0.0625,10.484375,69.90740000037476,143.04637277235875,716.32392578125,1.171875
10,16384,300,10,11.71875,7163.4580078125,611.28175,7151.7392578125,555.5390625,2.4921875,0.0,0.0625,10.4921875,68.87899999856018,145.1821309863534,716.34580078125,1.171875
1,16384,300,50,58.59375,35817.009765625,611.2769666666667,35758.416015625,555.5390625,2.4921875,0.0625,0.0,38.0703125,353.3055999869248,141.52054199494833,716.3401953125,1.171875
2,16384,300,50,58.59375,35817.095703125,611.2784333333333,35758.501953125,555.21484375,2.8671875,0.0,0.0,39.328125,330.5994999973336,151.24039812644384,716.3419140625,1.171875
3,16384,300,50,58.59375,35817.09765625,611.2784666666666,35758.50390625,555.58203125,2.48828125,0.0,0.0,38.26171875,329.23800000571646,151.86582350497775,716.341953125,1.171875
4,16384,300,50,58.59375,35817.1806640625,611.2798833333334,35758.5869140625,555.57421875,2.484375,0.0,0.0,39.015625,327.688000004855,152.58416542338813,716.34361328125,1.171875
5,16384,300,50,58.59375,35816.7646484375,611.2727833333333,35758.1708984375,554.69140625,3.359375,0.0,0.0078125,39.0703125,328.9857000054326,151.9822898052236,716.33529296875,1.171875
6,16384,300,50,58.59375,35817.47265625,611.2848666666666,35758.87890625,555.55859375,2.3671875,0.0,0.0,38.89453125,334.6750000055181,149.3986703493706,716.349453125,1.171875
7,16384,300,50,58.59375,35816.87890625,611.2747333333333,35758.28515625,555.1640625,2.859375,0.0,0.0,39.4765625,324.65209999645595,154.01101671772898,716.337578125,1.171875
8,16384,300,50,58.59375,35817.724609375,611.2891666666667,35759.130859375,554.65625,3.37109375,0.0,0.0,39.9140625,324.57320000685286,154.04845501398245,716.3544921875,1.171875
9,16384,300,50,58.59375,35817.3583984375,611.2829166666667,35758.7646484375,554.6484375,3.35546875,0.0,0.0,39.78125,389.7584999940591,128.2845659575407,716.34716796875,1.171875
10,16384,300,50,58.59375,35817.5078125,611.2854666666667,35758.9140625,555.515625,2.4921875,0.0,0.0,38.140625,337.4386999930721,148.17506113266361,716.35015625,1.171875
1,16384,300,100,117.1875,71634.607421875,611.2819833333333,71517.419921875,555.53125,2.4765625,0.00390625,0.00390625,75.40234375,652.7035000035539,153.20892258039908,716.34607421875,1.171875
2,16384,300,100,117.1875,71634.5458984375,611.2814583333334,71517.3583984375,556.3984375,1.859375,0.0,0.0,74.08984375,675.9414000116521,147.9418186225554,716.345458984375,1.171875
3,16384,300,100,117.1875,71634.5087890625,611.2811416666667,71517.3212890625,554.69140625,3.36328125,0.0,0.0078125,75.5625,684.0595999965444,146.18609255758585,716.345087890625,1.171875
4,16384,300,100,117.1875,71635.55078125,611.2900333333333,71518.36328125,555.59765625,2.36328125,0.0,0.0,75.0234375,650.8746999897994,153.63940248648044,716.3555078125,1.171875
5,16384,300,100,117.1875,71633.310546875,611.2709166666667,71516.123046875,555.203125,2.859375,0.0,0.0,75.5,641.950999997789,155.77512925495003,716.33310546875,1.171875
6,16384,300,100,117.1875,71634.89453125,611.2844333333334,71517.70703125,557.08203125,1.3671875,0.0,0.00390625,73.51171875,692.0680000039283,144.49447164069483,716.3489453125,1.171875
7,16384,300,100,117.1875,71634.0791015625,611.277475,71516.8916015625,555.20703125,2.86328125,0.0,0.0,74.90234375,665.1023000013083,150.35281038691835,716.340791015625,1.171875
8,16384,300,100,117.1875,71634.1025390625,611.277675,71516.9150390625,557.97265625,1.86328125,0.0,0.0078125,72.82421875,681.9872999913059,146.63029648979506,716.341025390625,1.171875
9,16384,300,100,117.1875,71633.982421875,611.27665,71516.794921875,555.21484375,2.8671875,0.0,0.0,75.51171875,653.6155000067083,152.99514775731856,716.33982421875,1.171875
10,16384,300,100,117.1875,71634.8876953125,611.284375,71517.7001953125,555.72265625,2.3671875,0.0,0.0,74.34375,665.9496999927796,150.16149117731297,716.348876953125,1.171875
1,16384,500,1,1.953125,716.3544921875,366.7735,714.4013671875,555.21484375,2.86328125,0.0,0.0,4.6640625,7.399399997666478,135.14609296907403,716.3544921875,1.953125
2,16384,500,1,1.953125,716.294921875,366.743,714.341796875,559.6328125,0.2421875,0.0,0.0,0.4375,7.3890000057872385,135.33631062617084,716.294921875,1.953125
3,16384,500,1,1.953125,716.37890625,366.786,714.42578125,559.828125,0.24609375,0.0,0.0,0.24609375,6.7925000039394945,147.22119976739387,716.37890625,1.953125
4,16384,500,1,1.953125,716.4521484375,366.8235,714.4990234375,559.828125,0.24609375,0.0,0.0,0.24609375,6.815300002926961,146.72868392741788,716.4521484375,1.953125
5,16384,500,1,1.953125,716.2822265625,366.7365,714.3291015625,559.828125,0.25390625,0.0,0.0,0.25390625,6.774299996322952,147.6167280077342,716.2822265625,1.953125
6,16384,500,1,1.953125,716.26171875,366.726,714.30859375,559.83203125,0.2421875,0.0,0.0,0.2421875,6.6891999886138365,149.49470814180637,716.26171875,1.953125
7,16384,500,1,1.953125,716.3955078125,366.7945,714.4423828125,559.83203125,0.24609375,0.0,0.0,0.24609375,6.737000003340654,148.4340210040275,716.3955078125,1.953125
8,16384,500,1,1.953125,716.2998046875,366.7455,714.3466796875,559.83203125,0.24609375,0.0,0.0,0.24609375,6.6033000039169565,151.43943170942077,716.2998046875,1.953125
9,16384,500,1,1.953125,716.40625,366.8,714.453125,559.83203125,0.25,0.0,0.0,0.25,6.85979999252595,145.77684496480123,716.40625,1.953125
10,16384,500,1,1.953125,716.341796875,366.767,714.388671875,559.83203125,0.25,0.0,0.0,0.25,6.771999993361533,147.6668637005732,716.341796875,1.953125
1,16384,500,10,19.53125,7163.732421875,366.7831,7144.201171875,559.83203125,0.25,0.0,0.0,6.5078125,67.0823999971617,149.07039701058855,716.3732421875,1.953125
2,16384,500,10,19.53125,7163.6103515625,366.77685,7144.0791015625,555.5859375,2.48046875,0.0,0.0,10.5390625,63.8215999933891,156.6867643718716,716.36103515625,1.953125
3,16384,500,10,19.53125,7163.451171875,366.7687,7143.919921875,555.5859375,2.48828125,0.0,0.0,10.546875,69.60149999940768,143.67506447540788,716.3451171875,1.953125
4,16384,500,10,19.53125,7163.4580078125,366.76905,7143.9267578125,555.58984375,2.484375,0.0,0.0,10.54296875,67.435499993735,148.28984734937885,716.34580078125,1.953125
5,16384,500,10,19.53125,7163.5556640625,366.77405,7144.0244140625,555.58203125,2.48828125,0.0,0.0,10.546875,66.30479999876115,150.81864360026483,716.35556640625,1.953125
6,16384,500,10,19.53125,7163.435546875,366.7679,7143.904296875,555.58203125,2.48046875,0.0,0.0,10.5390625,67.79939999978524,147.49393062522202,716.3435546875,1.953125
7,16384,500,10,19.53125,7163.529296875,366.7727,7143.998046875,555.58203125,2.48046875,0.0,0.0,10.5390625,64.87229999038391,154.14899736069648,716.3529296875,1.953125
8,16384,500,10,19.53125,7163.6767578125,366.78025,7144.1455078125,555.58203125,2.48828125,0.0,0.0,10.546875,64.85629999951925,154.18702577967176,716.36767578125,1.953125
9,16384,500,10,19.53125,7163.712890625,366.7821,7144.181640625,555.58203125,2.48828125,0.0,0.0,10.546875,63.88370000058785,156.53445244887163,716.3712890625,1.953125
10,16384,500,10,19.53125,7163.326171875,366.7623,7143.794921875,555.58203125,2.48828125,0.0,0.0,10.546875,66.04689999949187,151.4075603862851,716.3326171875,1.953125
1,16384,500,50,97.65625,35817.32421875,366.7694,35719.66796875,555.58203125,2.4921875,0.0,0.0625,38.71484375,325.74850000673905,153.4926484664261,716.346484375,1.953125
2,16384,500,50,97.65625,35817.4423828125,366.77061,35719.7861328125,555.23828125,2.8671875,0.0,0.06640625,38.59375,330.6258000084199,151.22836753431423,716.34884765625,1.953125
3,16384,500,50,97.65625,35817.166015625,366.76778,35719.509765625,555.62109375,2.4921875,0.0,0.0625,38.15234375,404.4178999902215,123.63448799177525,716.3433203125,1.953125
4,16384,500,50,97.65625,35816.9306640625,366.76537,35719.2744140625,555.609375,2.484375,0.0,0.06640625,38.921875,328.4319999947911,152.23851512883334,716.33861328125,1.953125
5,16384,500,50,97.65625,35817.2060546875,366.76819,35719.5498046875,554.7421875,3.3671875,0.0,0.0625,39.796875,315.351199998986,158.55338429078682,716.34412109375,1.953125
6,16384,500,50,97.65625,35816.9833984375,366.76591,35719.3271484375,554.74609375,3.36328125,0.0,0.0625,39.84375,332.3946000018623,150.42362300626988,716.33966796875,1.953125
7,16384,500,50,97.65625,35817.6767578125,366.77301,35720.0205078125,558.1875,0.99609375,0.0,0.0625,36.54296875,338.293100008741,147.8008271487301,716.35353515625,1.953125
8,16384,500,50,97.65625,35817.42578125,366.77044,35719.76953125,555.609375,2.4921875,0.0,0.0625,38.8046875,361.0057999903802,138.50192988958173,716.348515625,1.953125
9,16384,500,50,97.65625,35817.62109375,366.77244,35719.96484375,554.72265625,3.359375,0.0,0.0625,38.984375,355.7163999939803,140.56141353293282,716.352421875,1.953125
10,16384,500,50,97.65625,35817.3037109375,366.76919,35719.6474609375,555.6015625,2.4921875,0.0,0.0625,38.16796875,323.20470000559,154.7007206242212,716.34607421875,1.953125
1,16384,500,100,195.3125,71634.4697265625,366.768485,71439.1572265625,555.59765625,2.49609375,0.00390625,0.1328125,75.10546875,696.836599992821,143.50566546164515,716.344697265625,1.953125
2,16384,500,100,195.3125,71633.966796875,366.76591,71438.654296875,555.87890625,1.8515625,0.0,0.06640625,75.21875,748.9738000003854,133.51601885132501,716.33966796875,1.953125
3,16384,500,100,195.3125,71634.1220703125,366.766705,71438.8095703125,555.875,2.2421875,0.0,0.12890625,75.53125,668.3097000059206,149.63122635974625,716.341220703125,1.953125
4,16384,500,100,195.3125,71634.5146484375,366.768715,71439.2021484375,557.65234375,1.3671875,0.0,0.07421875,73.14453125,728.0300999991596,137.35695818087115,716.345146484375,1.953125
5,16384,500,100,195.3125,71634.9443359375,366.770915,71439.6318359375,556.1875,2.24609375,0.0,0.25,74.41015625,699.2752000078326,143.00521454054126,716.349443359375,1.953125
6,16384,500,100,195.3125,71634.0048828125,366.766105,71438.6923828125,555.23828125,2.8671875,0.125,0.1875,75.97265625,670.7004999916535,149.09784620891804,716.340048828125,1.953125
7,16384,500,100,195.3125,71633.9609375,366.76588,71438.6484375,558.08203125,0.85546875,0.0,0.0703125,73.2421875,679.041800001869,147.26633912628762,716.339609375,1.953125
8,16384,500,100,195.3125,71634.31640625,366.7677,71439.00390625,556.67578125,1.8671875,0.0,0.06640625,74.43359375,685.030699998606,145.97885904997176,716.3431640625,1.953125
9,16384,500,100,195.3125,71633.3388671875,366.762695,71438.0263671875,555.9765625,2.359375,0.0,0.0625,74.87890625,668.6193000059575,149.5619405528811,716.333388671875,1.953125
10,16384,500,100,195.3125,71634.328125,366.76776,71439.015625,557.3671875,1.36328125,0.0,0.0625,73.60546875,716.9705999986036,139.47573303590798,716.34328125,1.953125
1,16384,1000,1,3.90625,716.3037109375,183.37375,712.3974609375,557.3671875,0.85546875,0.0,0.0859375,2.921875,10.34829999844078,96.63422979143184,716.3037109375,3.90625
2,16384,1000,1,3.90625,716.3486328125,183.38525,712.4423828125,560.0390625,0.25,0.0,0.00390625,0.25390625,8.474799993564375,117.99688497184403,716.3486328125,3.90625
3,16384,1000,1,3.90625,716.3427734375,183.38375,712.4365234375,560.04296875,0.24609375,0.0,0.0,0.24609375,7.492200005799532,133.47214426015378,716.3427734375,3.90625
4,16384,1000,1,3.90625,716.314453125,183.3765,712.408203125,560.04296875,0.24609375,0.0,0.0,0.24609375,7.766099995933473,128.76475972800057,716.314453125,3.90625
5,16384,1000,1,3.90625,716.41015625,183.401,712.50390625,560.04296875,0.25,0.0,0.0,0.25,7.066400008625351,141.51477396968548,716.41015625,3.90625
6,16384,1000,1,3.90625,716.4248046875,183.40475,712.5185546875,560.046875,0.24609375,0.0,0.0,0.24609375,6.841199996415526,146.1731860673499,716.4248046875,3.90625
7,16384,1000,1,3.90625,716.3427734375,183.38375,712.4365234375,560.046875,0.24609375,0.0,0.0,0.24609375,8.444999999483116,118.41326229262356,716.3427734375,3.90625
8,16384,1000,1,3.90625,716.287109375,183.3695,712.380859375,560.046875,0.25,0.0,0.0,0.25,6.761199998436496,147.90273919293122,716.287109375,3.90625
9,16384,1000,1,3.90625,716.380859375,183.3935,712.474609375,560.05078125,0.24609375,0.0,0.01171875,0.2578125,7.810100010829046,128.03933350577537,716.380859375,3.90625
10,16384,1000,1,3.90625,716.3193359375,183.37775,712.4130859375,560.0625,0.25,0.0,0.0,0.25,7.482199987862259,133.6505308094164,716.3193359375,3.90625
1,16384,1000,10,39.0625,7163.2529296875,183.379275,7124.1904296875,560.0625,0.23828125,0.0,0.0,6.5,64.90209999901708,154.0782193511681,716.32529296875,3.90625
2,16384,1000,10,39.0625,7163.3671875,183.3822,7124.3046875,555.4921875,2.4921875,0.0,0.125,10.5546875,66.15879999299068,151.15147192904752,716.33671875,3.90625
3,16384,1000,10,39.0625,7163.328125,183.3812,7124.265625,555.4921875,2.4921875,0.0,0.12109375,10.55078125,79.5055000053253,125.77746192817096,716.3328125,3.90625
4,16384,1000,10,39.0625,7163.3388671875,183.381475,7124.2763671875,555.4921875,2.48828125,0.0,0.12109375,10.546875,64.60500000684988,154.7867811924732,716.33388671875,3.90625
5,16384,1000,10,39.0625,7163.7197265625,183.391225,7124.6572265625,555.4921875,2.4921875,0.0,0.12109375,10.55078125,73.52659999742173,136.00520084364922,716.37197265625,3.90625
6,16384,1000,10,39.0625,7163.48046875,183.3851,7124.41796875,555.49609375,2.4921875,0.0,0.12109375,10.55078125,64.41229999472853,155.2498513609729,716.348046875,3.90625
7,16384,1000,10,39.0625,7163.640625,183.3892,7124.578125,555.49609375,2.48046875,0.0,0.12109375,10.5390625,63.468200009083375,157.55921860977355,716.3640625,3.90625
8,16384,1000,10,39.0625,7163.58984375,183.3879,7124.52734375,555.49609375,2.48828125,0.0,0.12109375,10.546875,73.22779999230988,136.56015886111783,716.358984375,3.90625
9,16384,1000,10,39.0625,7163.4248046875,183.383675,7124.3623046875,555.49609375,2.4921875,0.0,0.12109375,10.55078125,67.8187000012258,147.4519564636192,716.34248046875,3.90625
10,16384,1000,10,39.0625,7163.5498046875,183.386875,7124.4873046875,555.48828125,2.48828125,0.0,0.12109375,10.546875,81.86259999638423,122.15590514400577,716.35498046875,3.90625
1,16384,1000,50,195.3125,35817.6826171875,183.386535,35622.3701171875,555.4921875,2.48046875,0.1171875,0.125,38.16796875,349.4804999936605,143.06949887306155,716.35365234375,3.90625
2,16384,1000,50,195.3125,35817.583984375,183.38603,35622.271484375,554.734375,3.23046875,0.00390625,0.12109375,40.07421875,352.7357999992091,141.7491504976589,716.3516796875,3.90625
3,16384,1000,50,195.3125,35816.9716796875,183.382895,35621.6591796875,555.60546875,2.73828125,0.0,0.12109375,39.19921875,375.5769999988843,133.12849295922948,716.33943359375,3.90625
4,16384,1000,50,195.3125,35816.28125,183.37936,35620.96875,555.6015625,2.73828125,0.0,0.12109375,39.14453125,367.5354000006337,136.04131738034974,716.325625,3.90625
5,16384,1000,50,195.3125,35817.3310546875,183.384735,35622.0185546875,555.59765625,2.734375,0.0,0.12109375,39.19140625,369.71579999953974,135.23901331796543,716.34662109375,3.90625
6,16384,1000,50,195.3125,35817.1787109375,183.383955,35621.8662109375,555.6015625,2.734375,0.0,0.12109375,39.1484375,351.56670000287704,142.220523159875,716.34357421875,3.90625
7,16384,1000,50,195.3125,35817.01953125,183.38314,35621.70703125,555.6015625,2.73046875,0.0,0.12109375,39.19921875,338.5817000089446,147.6748447972206,716.340390625,3.90625
8,16384,1000,50,195.3125,35818.20703125,183.38922,35622.89453125,555.6015625,2.73828125,0.0,0.125,39.15625,356.1224000004586,140.4011654418133,716.364140625,3.90625
9,16384,1000,50,195.3125,35817.154296875,183.38383,35621.841796875,555.62109375,2.73828125,0.0,0.1171875,39.1484375,345.5007000011392,144.7175070841684,716.3430859375,3.90625
10,16384,1000,50,195.3125,35816.9521484375,183.382795,35621.6396484375,555.6171875,2.734375,0.0,0.1171875,38.43359375,335.09850001428276,149.20985918429616,716.33904296875,3.90625
1,16384,1000,100,390.625,71634.8271484375,183.3851575,71244.2021484375,555.609375,2.74609375,0.18359375,0.12109375,75.59375,670.9183000057237,149.04944461814037,716.348271484375,3.90625
2,16384,1000,100,390.625,71633.1259765625,183.3808025,71242.5009765625,557.85546875,1.73828125,0.00390625,0.1171875,72.4765625,647.9697000031592,154.32820392606698,716.331259765625,3.90625
3,16384,1000,100,390.625,71634.2294921875,183.3836275,71243.6044921875,555.734375,2.73046875,0.12109375,0.12109375,75.15234375,654.6090999909211,152.76292370727342,716.342294921875,3.90625
4,16384,1000,100,390.625,71634.3212890625,183.3838625,71243.6962890625,556.77734375,1.73828125,0.0,0.125,73.6015625,654.767100000754,152.72606091522442,716.343212890625,3.90625
5,16384,1000,100,390.625,71634.568359375,183.384495,71243.943359375,557.4921875,1.1171875,0.0,0.1171875,73.9453125,660.7730999967316,151.33787982666763,716.34568359375,3.90625
6,16384,1000,100,390.625,71633.474609375,183.381695,71242.849609375,557.16796875,1.3671875,0.0,0.1171875,73.9921875,664.8541999893496,150.40891672430124,716.33474609375,3.90625
7,16384,1000,100,390.625,71634.400390625,183.384065,71243.775390625,556.7734375,1.73828125,0.0,0.12109375,74.3671875,679.3917000031797,147.19049408394594,716.34400390625,3.90625
8,16384,1000,100,390.625,71633.515625,183.3818,71242.890625,556.1171875,1.84375,0.0,0.1171875,75.15625,675.1134999940405,148.1232415006999,716.33515625,3.90625
9,16384,1000,100,390.625,71634.6484375,183.3847,71244.0234375,556.109375,2.24609375,0.0,0.12109375,74.6171875,681.9371000019601,146.64109050484652,716.346484375,3.90625
10,16384,1000,100,390.625,71634.69140625,183.38481,71244.06640625,555.98828125,2.37109375,0.1171875,0.1171875,75.11328125,698.1211000093026,143.2416238367061,716.3469140625,3.90625
