data_type,data_size,encryption_times_ms,memory_mb,cpu_cycles,ciphertext_size_kb,network_time_ms,total_time_ms,avg_encryption_ms,std_encryption_ms,avg_memory_mb,avg_cpu_cycles,avg_ciphertext_kb,avg_network_ms,avg_total_ms,throughput_per_sec,device,device_tier
Medical Embedding (300-dim),300,"[10.96540002617985, 8.036200073547661, 7.737600011751056, 7.0859999395906925, 7.257199962623417, 6.8666000152006745, 7.124600000679493, 7.506599999032915, 6.766799953766167, 7.677199901081622, 6.6399999195709825, 6.474199937656522, 6.338399951346219, 6.094600073993206, 6.393800023943186, 6.102200015448034, 6.40499999281019, 6.248999969102442, 6.814599968492985, 7.631400017999113]","[0.70703125, 0.15234375, 0.0, 0.03125, 0.0, 0.0, 0.0, 0.02734375, 0.0, 0.00390625, 0.0, 0.0, 0.00390625, 0.0, 0.0, 0.0, 0.0, 0.0, 0.0, 0.0]","[65792400, 48217200, 46425600, 42515999, 43543199, 41199600, 42747600, 45039599, 40600799, 46063199, 39839999, 38845199, 38030399, 36567600, 38362800, 36613200, 38429999, 37493999, 40887599, 45788400]","[326.552734375, 326.330078125, 326.2763671875, 326.67578125, 326.4072265625, 326.4990234375, 326.5302734375, 325.951171875, 326.6328125, 326.546875, 326.5703125, 326.6201171875, 326.5205078125, 326.6796875, 326.6513671875, 326.62109375, 326.58203125, 326.068359375, 326.6376953125, 326.44140625]","[69.99165783879272, 73.43187749014552, 74.81460356145125, 63.78277721768952, 78.46558555066049, 70.6109650019964, 76.92180686471679, 74.66489081559546, 67.37817514970767, 65.58266323792061, 67.57212922302176, 80.89030050529139, 75.63926556073349, 73.24436149320941, 65.52804981496153, 66.76670533349406, 70.277860180404, 69.85033378043651, 75.64775371480314, 75.0261416005616]","[80.95705786497257, 81.46807756369319, 82.5522035732023, 70.8687771572802, 85.72278551328391, 77.47756501719708, 84.04640686539628, 82.17149081462837, 74.14497510347384, 73.25986313900223, 74.21212914259274, 87.36450044294791, 81.97766551207971, 79.33896156720262, 71.92184983890472, 72.86890534894209, 76.6828601732142, 76.09933374953896, 82.46235368329613, 82.65754161856071]",7.108369987690821,1.0528982038239914,0.0462890625,42650219.45,326.48974609375,71.80439519677968,78.9127651844705,12.67222099824216,Low-end Phone,low_end
Vital Signs (SpO2/HR/Temp),3,"[6.011800025589764, 6.669399910606444, 6.539599969983101, 8.911999990232289, 7.796599995344877, 6.9568000035360456, 6.188799976371229, 7.619399926625192, 7.856599986553192, 6.212000036612153, 6.592400022782385, 6.124200066551566, 7.180999964475632, 6.209600018337369, 7.820799946784973, 6.32039993070066, 6.451399996876717, 7.293400005437434, 7.546799955889583, 7.744399947114289]","[0.0, 0.0, 0.0, 0.0, 0.0, 0.0, 0.0, 0.0, 0.00390625, 0.0, 0.0, 0.0, 0.0, 0.0, 0.0, 0.0, 0.0, 0.0, 0.0, 0.0]","[36070800, 40016399, 39237599, 53471999, 46779599, 41740800, 37132799, 45716399, 47139599, 37272000, 39554400, 36745200, 43085999, 37257600, 46924799, 37922399, 38708399, 43760400, 45280799, 46466399]","[326.58984375, 326.3935546875, 326.3671875, 326.49609375, 325.6318359375, 326.2060546875, 326.44140625, 326.466796875, 326.6484375, 326.529296875, 326.28125, 326.6181640625, 326.484375, 326.478515625, 326.3837890625, 326.3994140625, 326.4609375, 326.0517578125, 326.279296875, 326.3203125]","[71.0769350484075, 74.16451409708563, 71.75808824164427, 78.06846673583334, 74.12047920174196, 74.72413741244476, 80.19857458908523, 72.61723726738622, 80.75390422869502, 74.85078216892867, 73.22678746669924, 78.98546164480005, 71.36467967239078, 71.36078098235734, 75.4017433782817, 71.21025502454106, 75.0223505277266, 69.8599746407694, 70.17517667684287, 75.66638582561407]","[77.08873507399727, 80.83391400769207, 78.29768821162737, 86.98046672606563, 81.91707919708684, 81.68093741598081, 86.38737456545645, 80.23663719401141, 88.61050421524821, 81.06278220554083, 79.81918748948162, 85.10966171135162, 78.54567963686641, 77.57038100069471, 83.22254332506667, 77.53065495524172, 81.47375052460332, 77.15337464620683, 77.72197663273245, 83.41078577272836]",7.002369983820245,0.7730677405899308,0.0001953125,42014219.35,326.376416015625,74.23033574156379,81.23270572538404,12.310312589865077,Low-end Phone,low_end
ECG Waveform (300 samples),300,"[8.095200057141483, 6.381200044415891, 10.211599990725517, 7.271400070749223, 7.754600024782121, 6.505000055767596, 6.263199960812926, 6.226399913430214, 6.15620007738471, 6.886800052598119, 6.540399976074696, 7.785799913108349, 6.327199982479215, 6.20940001681447, 6.478599971160293, 6.601000088267028, 9.67339996714145, 7.883399957790971, 7.54600006621331, 7.65539996791631]","[0.00390625, 0.0, 0.0, 0.00390625, 0.0, 0.0, 0.0, 0.0, 0.00390625, 0.0, 0.0, 0.0, 0.0, 0.0, 0.0, 0.0, 0.0, 0.0, 0.0, 0.0]","[48571200, 38287200, 61269599, 43628400, 46527600, 39030000, 37579199, 37358399, 36937200, 41320800, 39242399, 46714799, 37963199, 37256400, 38871599, 39606000, 58040399, 47300399, 45276000, 45932399]","[326.5380859375, 326.31640625, 326.37109375, 326.623046875, 326.505859375, 326.564453125, 326.568359375, 326.3359375, 326.572265625, 326.384765625, 326.3603515625, 326.03515625, 326.4970703125, 326.4091796875, 326.5361328125, 326.5625, 326.271484375, 326.3173828125, 326.5791015625, 326.544921875]","[74.46665549972414, 70.50219055945054, 61.27791833682135, 75.19994767429219, 72.55216061912716, 69.12684318833057, 72.91740290178643, 78.73809456139615, 77.08236284380091, 77.24054106948932, 74.40398639914473, 72.31797490489203, 72.43170687065049, 66.24859647452713, 62.06947035537452, 66.46630107116648, 77.29896600327093, 75.44420951604361, 73.30323152798243, 64.23707489414893]","[82.56185555686562, 76.88339060386643, 71.48951832754686, 82.47134774504141, 80.30676064390929, 75.63184324409816, 79.18060286259936, 84.96449447482637, 83.23856292118562, 84.12734112208744, 80.94438637521942, 80.10377481800037, 78.7589068531297, 72.4579964913416, 68.54807032653481, 73.06730115943351, 86.97236597041238, 83.32760947383458, 80.84923159419574, 71.89247486206524]",7.2226100077386945,1.1102365439746888,0.0005859375,43335659.5,326.444677734375,71.66628176357099,78.88889177130969,12.676055874873882,Low-end Phone,low_end
ECG Waveform (500 samples),500,"[9.534599957987666, 7.931799977086484, 7.132200058549643, 6.20220007840544, 7.765000103972852, 7.236800040118396, 7.6431999914348125, 7.355000008828938, 6.264999974519014, 6.2451999401673675, 7.595200091600418, 6.9290000246837735, 6.414400064386427, 6.157799973152578, 6.1215999303385615, 7.077999995090067, 7.848800043575466, 7.703199982643127, 6.7622000351548195, 6.54999993275851]","[0.015625, 0.0, 0.00390625, 0.0, 0.00390625, 0.0, 0.0, 0.0, 0.0, 0.0, 0.0, 0.0, 0.0, 0.0, 0.0, 0.0, 0.0, 0.0, 0.0, 0.0]","[57207599, 47590799, 42793200, 37213200, 46590000, 43420800, 45859199, 44130000, 37589999, 37471199, 45571200, 41574000, 38486400, 36946799, 36729599, 42467999, 47092800, 46219199, 40573200, 39299999]","[326.4931640625, 326.5947265625, 326.5927734375, 326.6513671875, 326.4736328125, 326.4453125, 326.3154296875, 326.1728515625, 326.2265625, 326.60546875, 326.6494140625, 326.5634765625, 326.6015625, 326.4111328125, 326.505859375, 326.51953125, 326.40625, 326.3408203125, 326.4833984375, 325.568359375]","[70.63194478682111, 66.94726511654139, 79.77573677639238, 77.42278845200114, 74.9532257839837, 72.5269827964432, 78.69786921116489, 64.34411788707892, 70.13200987222491, 72.38491827793464, 78.25283127749857, 79.20138479366062, 72.87502937784319, 74.98641032537013, 65.67264462964127, 81.58277114920186, 75.05895195477429, 67.9248069382344, 75.3805956516071, 72.35350337816075]","[80.16654474480877, 74.87906509362787, 86.90793683494202, 83.62498853040658, 82.71822588795655, 79.7637828365616, 86.3410692025997, 71.69911789590786, 76.39700984674393, 78.63011821810201, 85.84803136909899, 86.1303848183444, 79.28942944222962, 81.14421029852271, 71.79424455997983, 88.66077114429193, 82.90775199834975, 75.62800692087752, 82.14279568676191, 78.90350331091926]",7.123560010222718,0.8244771259293734,0.001171875,42741359.5,326.4310546875,73.55528942182893,80.67884943205165,12.394822274234436,Low-end Phone,low_end
Medical Embedding (300-dim),300,"[5.5744286094393045, 4.418714337849191, 4.393142880871892, 5.549857160076499, 5.458714274157371, 6.047857127019337, 4.735999973490834, 4.292428576653557, 4.282000008970499, 4.533857157054757, 4.4058570970914195, 5.770714321572866, 4.3784285662695765, 5.374714299770338, 4.456714294584734, 4.302142853183406, 5.347857201871063, 5.509428530266242, 4.5101428570758015, 5.294571414456835]","[0.0, 0.0, 0.0, 0.00390625, 0.0, 0.0, 0.00390625, 0.0, 0.0, 0.0, 0.0, 0.0, 0.0, 0.0, 0.0, 0.0, 0.0, 0.0, 0.0, 0.0]","[89190857, 70699429, 70290286, 88797714, 87339428, 96765714, 75775999, 68678857, 68512000, 72541714, 70493713, 92331429, 70054857, 85995428, 71307428, 68834285, 85565715, 88150856, 72162285, 84713142]","[326.25390625, 326.3681640625, 326.326171875, 326.33203125, 326.7158203125, 326.4990234375, 326.5908203125, 326.5693359375, 326.45703125, 326.66015625, 326.5791015625, 326.630859375, 326.5908203125, 326.39453125, 326.51171875, 325.712890625, 326.5556640625, 326.6650390625, 326.5595703125, 326.66015625]","[76.54762166159118, 74.96092287704134, 68.40254110297015, 62.57235156985999, 64.35251903713241, 70.8761756995562, 82.57856712345468, 85.25421625534959, 72.96672018464622, 76.2096930860861, 71.90702692295719, 65.83655412380381, 83.00361718397123, 72.99500332640079, 71.84472470190248, 80.11235399478933, 69.86372269580683, 74.92570355811611, 72.92155022390338, 76.97100716978571]","[82.12205027103049, 79.37963721489054, 72.79568398384204, 68.12220872993649, 69.81123331128977, 76.92403282657554, 87.31456709694551, 89.54664483200315, 77.24872019361672, 80.74355024314086, 76.3128840200486, 71.60726844537666, 87.3820457502408, 78.36971762617114, 76.3014389964872, 84.41449684797274, 75.2115798976779, 80.43513208838236, 77.43169308097919, 82.26557858424255]",4.931878577086278,0.5839711259674487,0.000390625,78910056.8,326.481640625,73.75512962495624,78.6870082020425,12.70857823736705,Mid-range Phone,mid_range
Vital Signs (SpO2/HR/Temp),3,"[4.253285670919078, 4.326428502931127, 4.430142913146743, 4.49557148385793, 4.302428652798491, 4.9831428831177105, 4.390571432720338, 4.379857148575996, 4.320857115089893, 4.351714243447142, 5.3327143125768215, 5.410000033277487, 4.39371431379446, 4.33414284738579, 4.336428579076061, 4.410571418702602, 5.594000020729644, 4.349285736680031, 4.390428574489696, 5.301857184219574]","[0.0, 0.0, 0.03125, 0.0, 0.0, 0.0, 0.0, 0.0, 0.0, 0.0, 0.0, 0.0, 0.0, 0.0, 0.0, 0.0, 0.0, 0.0, 0.0, 0.0]","[68052570, 69222856, 70882286, 71929143, 68838858, 79730286, 70249142, 70077714, 69133713, 69627427, 85323429, 86560000, 70299429, 69346285, 69382857, 70569142, 89504000, 69588571, 70246857, 84829714]","[326.60546875, 326.572265625, 326.5107421875, 326.6259765625, 326.345703125, 326.5673828125, 326.501953125, 326.4033203125, 326.44921875, 326.345703125, 326.650390625, 326.3466796875, 326.326171875, 326.162109375, 326.607421875, 326.3974609375, 326.5439453125, 326.453125, 326.6240234375, 326.287109375]","[75.64313522461511, 66.58568606062948, 69.62608071750698, 76.90963084271529, 75.79481943926325, 62.22823411320395, 80.43083318620576, 73.76166582647018, 81.0392892835512, 67.93823957912208, 73.33295092141768, 68.21022771553811, 79.82144566236143, 66.2514782428666, 66.99350816963423, 81.90068025682926, 67.16886413548227, 75.06844887105099, 67.25175858499746, 71.82985929056159]","[79.89642089553418, 70.91211456356059, 74.05622363065372, 81.40520232657322, 80.09724809206175, 67.21137699632166, 84.82140461892611, 78.14152297504617, 85.36014639864109, 72.28995382256923, 78.6656652339945, 73.62022774881561, 84.21515997615587, 70.58562109025237, 71.32993674871028, 86.31125167553186, 72.76286415621192, 79.41773460773102, 71.64218715948715, 77.13171647478116]",4.60435715337683,0.4301535053455422,0.0015625,73669713.95,326.46630859375,72.38934180620114,76.99369895957798,12.98807582325671,Mid-range Phone,mid_range
ECG Waveform (300 samples),300,"[5.684285757264921, 4.363857193051705, 5.130571412986943, 5.0448571398322075, 4.903714288957417, 4.406857187859714, 4.292714293114841, 5.362714291550219, 5.338428558648697, 5.585428610044931, 5.22685719520918, 5.462142871692777, 5.397857166826725, 4.3498570864487975, 4.339857176611466, 5.634714283847383, 4.352714251061635, 5.323714327200183, 4.4684285863435695, 5.7109999969335545]","[0.0, 0.0, 0.03125, 0.00390625, 0.0, 0.0, 0.0, 0.0, 0.0, 0.0, 0.0, 0.0, 0.0, 0.0, 0.0, 0.0, 0.0, 0.0, 0.03125, 0.0]","[90948572, 69821715, 82089142, 80717714, 78459428, 70509715, 68683428, 85803428, 85414856, 89366857, 83629715, 87394285, 86365714, 69597713, 69437714, 90155428, 69643428, 85179429, 71494857, 91375999]","[326.525390625, 326.638671875, 326.6767578125, 326.55078125, 326.3544921875, 326.5517578125, 326.5869140625, 326.453125, 326.4013671875, 326.5478515625, 326.4130859375, 326.208984375, 326.2060546875, 326.0322265625, 326.6474609375, 326.1689453125, 326.529296875, 326.33203125, 326.5791015625, 326.2880859375]","[73.06231531802003, 73.12504085515822, 62.798872317353954, 73.43855161702895, 66.3501389245631, 77.99242971845204, 63.480139963608075, 66.08138461107778, 61.79124557146273, 65.31091935707187, 62.64511962085662, 64.02912921896542, 74.95823467715284, 72.77741612793325, 66.24858786745358, 77.26538286684384, 78.36806423884617, 74.16932748448512, 73.60629405053389, 73.02059600654702]","[78.74660107528494, 77.48889804820992, 67.92944373034089, 78.48340875686115, 71.25385321352051, 82.39928690631176, 67.77285425672291, 71.444098902628, 67.12967413011144, 70.8963479671168, 67.8719768160658, 69.4912720906582, 80.35609184397957, 77.12727321438203, 70.58844504406504, 82.90009715069122, 82.72077848990781, 79.4930418116853, 78.07472263687745, 78.73159600348058]",5.019028583774342,0.5163058535231437,0.0033203125,80304456.85,326.434619140625,70.02595952067074,75.04498810444505,13.325340242685282,Mid-range Phone,mid_range
ECG Waveform (500 samples),500,"[5.087857134640217, 4.551000061577985, 4.440571397676, 5.74314284936658, 4.4475714509774535, 4.706142852748079, 5.485571372056646, 4.58785706931459, 4.406999962936555, 5.713857161546392, 5.551000025921634, 4.653142864948937, 5.527142867712038, 5.371285785388734, 5.062285760816719, 4.9241428496316075, 5.241571426657694, 5.290999958690788, 4.484428625021662, 4.3417143336098105]","[0.01171875, 0.0, 0.0, 0.03515625, 0.0078125, 0.0, 0.0, 0.0, 0.0, 0.0078125, 0.00390625, 0.0, 0.03515625, 0.0, 0.0, 0.0, 0.0, 0.0, 0.0, 0.0]","[81405714, 72816000, 71049142, 91890285, 71161143, 75298285, 87769141, 73405713, 70511999, 91421714, 88816000, 74450285, 88434285, 85940572, 80996572, 78786285, 83865142, 84655999, 71750858, 69467429]","[326.421875, 326.505859375, 326.3818359375, 326.615234375, 326.419921875, 326.3583984375, 326.2841796875, 326.2978515625, 326.5166015625, 326.3291015625, 326.60546875, 326.603515625, 326.3359375, 326.5283203125, 325.5537109375, 326.521484375, 326.357421875, 326.3115234375, 326.6201171875, 326.6259765625]","[75.11283440092517, 71.92948270354916, 74.43980626930114, 74.11032190959183, 69.76584946918598, 72.51162336278257, 66.4104532299092, 77.39129070744096, 76.05343517996268, 82.00558734270284, 70.60120696442348, 74.78850744118776, 71.30211913193591, 71.12953138286531, 71.64050156445808, 82.06314440173696, 72.97007887143614, 81.88225261147944, 73.73309372903081, 71.7444092561676]","[80.20069153556538, 76.48048276512714, 78.88037766697714, 79.85346475895841, 74.21342092016343, 77.21776621553065, 71.89602460196583, 81.97914777675555, 80.46043514289923, 87.71944450424924, 76.15220699034512, 79.4416503061367, 76.82926199964794, 76.50081716825403, 76.70278732527478, 86.98728725136857, 78.21165029809383, 87.17325257017022, 78.21752235405246, 76.08612358977742]",4.980914290562007,0.46995409412250827,0.005078125,79694628.15,326.409716796875,74.07927649650364,79.06019078706566,12.648590776783214,Mid-range Phone,mid_range
Medical Embedding (300-dim),300,"[3.4224000410176814, 3.0553999822586775, 3.083700023125857, 3.5867999540641904, 3.290100023150444, 3.09220002964139, 3.0851999763399363, 3.057299996726215, 3.022200020495802, 3.044300014153123, 3.023599972948432, 3.0712999869138002, 3.100500034634024, 3.1882000039331615, 3.039600036572665, 3.2532000332139432, 3.090200014412403, 3.1073999707587063, 3.1525000231340528, 3.048199985641986]","[0.0, 0.0, 0.0625, 0.0, 0.0, 0.0, 0.0, 0.0, 0.0, 0.0, 0.0, 0.0, 0.0, 0.0, 0.0, 0.0, 0.0, 0.0, 0.0, 0.0]","[82137600, 73329599, 74008800, 86083198, 78962400, 74212800, 74044799, 73375199, 72532800, 73063200, 72566399, 73711199, 74412000, 76516800, 72950400, 78076800, 74164800, 74577599, 75660000, 73156799]","[326.5576171875, 326.26171875, 326.59375, 326.5576171875, 326.4033203125, 326.6806640625, 326.326171875, 326.708984375, 326.646484375, 326.28125, 326.3076171875, 326.54296875, 326.4912109375, 326.5048828125, 326.404296875, 326.2734375, 326.5732421875, 326.37109375, 326.5107421875, 326.5625]","[70.32642981385891, 79.85968607473293, 76.79604326225645, 71.58186850194542, 59.29685508435741, 78.04770549145822, 63.81688322192086, 71.55554256046119, 70.64136754824162, 83.8075173066685, 72.52358544713195, 75.32890292597956, 70.04925125029088, 72.21270216042117, 75.01628270141703, 72.55386385800334, 73.58503176128045, 76.92361677886412, 79.79686815911518, 68.28670926783066]","[73.74882985487659, 82.91508605699161, 79.8797432853823, 75.16866845600961, 62.58695510750786, 81.1399055210996, 66.9020831982608, 74.6128425571874, 73.66356756873742, 86.85181732082162, 75.54718542008038, 78.40020291289336, 73.1497512849249, 75.40090216435433, 78.05588273798969, 75.80706389121728, 76.67523177569285, 80.03101674962282, 82.94936818224923, 71.33490925347265]",3.1407150061568245,0.14222551760380286,0.003125,75377159.55,326.477978515625,73.10033565881179,76.24105066496861,13.11629353580619,High-end Phone,high_end
Vital Signs (SpO2/HR/Temp),3,"[2.983700018376112, 3.7043000338599086, 3.808200010098517, 3.017400042153895, 3.829500055871904, 3.214099968317896, 3.088099998421967, 3.8317000144161284, 3.7007000064477324, 2.9640999855473638, 3.0672000139020383, 3.065299999434501, 3.0100999865680933, 3.1017999863252044, 3.5941999522037804, 3.3221999765373766, 4.3953999993391335, 4.854700004216284, 3.438600047957152, 3.730199998244643]","[0.0, 0.0, 0.0, 0.0, 0.0, 0.0, 0.0, 0.0, 0.0, 0.0, 0.0, 0.0, 0.0, 0.0, 0.0, 0.0, 0.0, 0.0, 0.0, 0.0]","[71608800, 88903200, 91396800, 72417601, 91908001, 77138399, 74114399, 91960800, 88816800, 71138399, 73612800, 73567199, 72242399, 74443199, 86260798, 79732799, 105489599, 116512800, 82526401, 89524799]","[326.5869140625, 326.515625, 326.3623046875, 326.3955078125, 326.2294921875, 326.2607421875, 326.4873046875, 326.4208984375, 325.5146484375, 326.3095703125, 326.505859375, 326.1337890625, 326.552734375, 326.6376953125, 326.357421875, 326.5615234375, 326.275390625, 326.5302734375, 326.560546875, 326.4140625]","[63.35378640183366, 77.58784040360214, 79.18259290086831, 75.88775291000567, 72.25687442088201, 68.32389314885498, 70.42869591193757, 72.73106517116982, 69.12024010460628, 78.7159761852122, 71.85495029521715, 74.98764569672863, 71.88129368660357, 84.86159719794034, 80.09570691208917, 67.37349749017902, 79.93721021558201, 76.06617036548951, 68.9352006563366, 71.30433593603988]","[66.33748642020977, 81.29214043746205, 82.99079291096683, 78.90515295215957, 76.08637447675392, 71.53799311717287, 73.51679591035953, 76.56276518558595, 72.82094011105401, 81.68007617075956, 74.92215030911919, 78.05294569616314, 74.89139367317166, 87.96339718426555, 83.68990686429295, 70.6956974667164, 84.33261021492115, 80.9208703697058, 72.37380070429376, 75.03453593428452]",3.4860750049119815,0.4969319822622516,0.0,83665799.6,326.380615234375,73.74431630055894,77.23039130547092,12.948270533094671,High-end Phone,high_end
ECG Waveform (300 samples),300,"[3.0035999952815473, 4.009299969766289, 3.2673999667167664, 3.206699970178306, 3.925899975001812, 3.4834000398404896, 3.4474999993108213, 4.679700010456145, 4.446899984031916, 3.2234000391326845, 3.068499965593219, 3.277699986938387, 3.3360000234097242, 3.0417999951168895, 3.3355000196024776, 3.727799979969859, 3.00920003792271, 3.174100012984127, 3.089000005275011, 3.0617000302299857]","[0.0, 0.0, 0.0, 0.0, 0.0, 0.0, 0.0, 0.0, 0.0, 0.0, 0.0, 0.0, 0.0, 0.0, 0.0, 0.0, 0.0, 0.0, 0.0, 0.0]","[72086399, 96223199, 78417599, 76960799, 94221599, 83601600, 82739999, 112312800, 106725599, 77361600, 73643999, 78664799, 80064000, 73003199, 80052000, 89467199, 72220800, 76178400, 74136000, 73480800]","[326.5673828125, 326.6259765625, 326.2724609375, 326.4794921875, 326.5693359375, 326.33203125, 326.5556640625, 326.5126953125, 326.666015625, 326.50390625, 326.44921875, 326.361328125, 325.76953125, 326.0283203125, 326.5888671875, 326.6162109375, 326.603515625, 326.583984375, 326.490234375, 326.3876953125]","[78.54279702629579, 70.43673465207881, 75.39882861690485, 66.85637186332663, 74.57887739474636, 73.7432372187392, 75.51122952303133, 72.75168254138447, 75.8294504508686, 68.39778522043383, 77.61271254833385, 81.5554948326902, 74.73530640287211, 75.66213057414897, 67.74378435029544, 74.78462858639803, 65.69810979612798, 71.82162212488625, 76.94996580356504, 73.20665398172977]","[81.54639702157733, 74.4460346218451, 78.66622858362162, 70.06307183350494, 78.50477736974817, 77.22663725857969, 78.95872952234215, 77.43138255184061, 80.27635043490052, 71.62118525956652, 80.68121251392706, 84.83319481962859, 78.07130642628184, 78.70393056926586, 71.07928436989792, 78.51242856636789, 68.70730983405069, 74.99572213787037, 80.03896580884005, 76.26835401195976]",3.4407550003379583,0.46821462426979493,0.0,82578119.45,326.448193359375,73.59087017544287,77.03162517578083,12.98168119545796,High-end Phone,high_end
ECG Waveform (500 samples),500,"[3.1356000108644366, 3.048499987926334, 3.0580000020563602, 3.1144999666139483, 3.0792999896220863, 3.0423999996855855, 3.118599997833371, 3.0946999904699624, 3.0637000454589725, 3.8364999927580357, 3.0885000014677644, 3.104400006122887, 5.6833999697119, 3.839499957393855, 3.707399999257177, 3.1024999916553497, 3.1042000045999885, 3.1701000407338142, 3.035700006876141, 3.017100039869547]","[0.01171875, 0.0, 0.0, 0.0, 0.0, 0.0, 0.0, 0.0, 0.0, 0.0, 0.0, 0.0, 0.0, 0.0, 0.0, 0.00390625, 0.0, 0.0, 0.0, 0.0]","[75254400, 73163999, 73392000, 74747999, 73903199, 73017599, 74846399, 74272799, 73528801, 92075999, 74124000, 74505600, 136401599, 92147998, 88977599, 74459999, 74500800, 76082400, 72856800, 72410400]","[326.1240234375, 326.3359375, 326.4169921875, 326.5322265625, 326.59375, 326.4580078125, 326.453125, 326.5537109375, 326.64453125, 326.3505859375, 326.4853515625, 326.4921875, 326.3623046875, 326.4033203125, 326.5009765625, 326.212890625, 326.37890625, 326.2392578125, 326.4228515625, 326.3779296875]","[71.51717934973087, 83.30732752624505, 70.05996492144463, 83.70877329188524, 65.26038496062364, 66.47210047044442, 70.61291984329638, 77.72523730274708, 73.93334387790748, 75.06040581494337, 77.00548824166773, 72.478780724507, 75.5735012647686, 66.1926832788611, 79.26098767799452, 67.27295823276286, 77.10546109402205, 72.84223904819719, 76.17090911619627, 66.48748824652125]","[74.6527793605953, 86.35582751417138, 73.11796492350099, 86.82327325849919, 68.33968495024573, 69.51450047013, 73.73151984112975, 80.81993729321704, 76.99704392336645, 78.8969058077014, 80.0939882431355, 75.58318073062989, 81.2569012344805, 70.03218323625495, 82.9683876772517, 70.37545822441821, 80.20966109862204, 76.012339088931, 79.20660912307241, 69.5045882863908]",3.322230000048876,0.5988274954769592,0.00078125,79733519.45,326.416943359375,73.40240671423834,76.72463671428721,13.033623133647055,High-end Phone,high_end
