encryption_time_ms,decryption_time_ms,total_time_ms,data_size_bytes,security_level_bits,supports_computation,method,batch_size,trial,throughput_samples_per_sec,per_sample_latency_ms
0.0033999967854470015,0.0,0.0033999967854470015,1200,0,False,No Encryption,1,1,294117.9251346053,0.0033999967854470015
0.000900006853044033,0.0,0.000900006853044033,1200,0,False,No Encryption,1,2,1111102.6506273444,0.000900006853044033
0.0006999907782301307,0.0,0.0006999907782301307,1200,0,False,No Encryption,1,3,1428590.2487578737,0.0006999907782301307
0.000500003807246685,0.0,0.000500003807246685,1200,0,False,No Encryption,1,4,1999984.77112922,0.000500003807246685
0.000300002284348011,0.0,0.000300002284348011,1200,0,False,No Encryption,1,5,3333307.951882033,0.000300002284348011
0.000300002284348011,0.0,0.000300002284348011,1200,0,False,No Encryption,1,6,3333307.951882033,0.000300002284348011
0.000200001522898674,0.0,0.000200001522898674,1200,0,False,No Encryption,1,7,4999961.92782305,0.000200001522898674
0.000200001522898674,0.0,0.000200001522898674,1200,0,False,No Encryption,1,8,4999961.92782305,0.000200001522898674
0.000200001522898674,0.0,0.000200001522898674,1200,0,False,No Encryption,1,9,4999961.92782305,0.000200001522898674
0.000300002284348011,0.0,0.000300002284348011,1200,0,False,No Encryption,1,10,3333307.951882033,0.000300002284348011
0.000200001522898674,0.0,0.000200001522898674,1200,0,False,No Encryption,1,11,4999961.92782305,0.000200001522898674
0.000300002284348011,0.0,0.000300002284348011,1200,0,False,No Encryption,1,12,3333307.951882033,0.000300002284348011
0.000200001522898674,0.0,0.000200001522898674,1200,0,False,No Encryption,1,13,4999961.92782305,0.000200001522898674
0.000200001522898674,0.0,0.000200001522898674,1200,0,False,No Encryption,1,14,4999961.92782305,0.000200001522898674
0.00019998697098344564,0.0,0.00019998697098344564,1200,0,False,No Encryption,1,15,5000325.74663465,0.00019998697098344564
0.000300002284348011,0.0,0.000300002284348011,1200,0,False,No Encryption,1,16,3333307.951882033,0.000300002284348011
0.000200001522898674,0.0,0.000200001522898674,1200,0,False,No Encryption,1,17,4999961.92782305,0.000200001522898674
0.00019998697098344564,0.0,0.00019998697098344564,1200,0,False,No Encryption,1,18,5000325.74663465,0.00019998697098344564
0.000200001522898674,0.0,0.000200001522898674,1200,0,False,No Encryption,1,19,4999961.92782305,0.000200001522898674
0.000200001522898674,0.0,0.000200001522898674,1200,0,False,No Encryption,1,20,4999961.92782305,0.000200001522898674
0.0007999915396794677,0.0,0.0007999915396794677,12000,0,False,No Encryption,10,1,12500132.193906322,7.999915396794677e-05
0.0004999892553314567,0.0,0.0004999892553314567,12000,0,False,No Encryption,10,2,20000429.795977764,4.9998925533145666e-05
0.00039998849388211966,0.0,0.00039998849388211966,12000,0,False,No Encryption,10,3,25000719.15305417,3.9998849388211966e-05
0.000400003045797348,0.0,0.000400003045797348,12000,0,False,No Encryption,10,4,24999809.63911525,4.00003045797348e-05
0.000400003045797348,0.0,0.000400003045797348,12000,0,False,No Encryption,10,5,24999809.63911525,4.00003045797348e-05
0.000400003045797348,0.0,0.000400003045797348,12000,0,False,No Encryption,10,6,24999809.63911525,4.00003045797348e-05
0.000500003807246685,0.0,0.000500003807246685,12000,0,False,No Encryption,10,7,19999847.7112922,5.00003807246685e-05
0.00039998849388211966,0.0,0.00039998849388211966,12000,0,False,No Encryption,10,8,25000719.15305417,3.9998849388211966e-05
0.000400003045797348,0.0,0.000400003045797348,12000,0,False,No Encryption,10,9,24999809.63911525,4.00003045797348e-05
0.000400003045797348,0.0,0.000400003045797348,12000,0,False,No Encryption,10,10,24999809.63911525,4.00003045797348e-05
0.000400003045797348,0.0,0.000400003045797348,12000,0,False,No Encryption,10,11,24999809.63911525,4.00003045797348e-05
0.000400003045797348,0.0,0.000400003045797348,12000,0,False,No Encryption,10,12,24999809.63911525,4.00003045797348e-05
0.00039998849388211966,0.0,0.00039998849388211966,12000,0,False,No Encryption,10,13,25000719.15305417,3.9998849388211966e-05
0.0004999892553314567,0.0,0.0004999892553314567,12000,0,False,No Encryption,10,14,20000429.795977764,4.9998925533145666e-05
0.000400003045797348,0.0,0.000400003045797348,12000,0,False,No Encryption,10,15,24999809.63911525,4.00003045797348e-05
0.00039998849388211966,0.0,0.00039998849388211966,12000,0,False,No Encryption,10,16,25000719.15305417,3.9998849388211966e-05
0.000400003045797348,0.0,0.000400003045797348,12000,0,False,No Encryption,10,17,24999809.63911525,4.00003045797348e-05
0.000400003045797348,0.0,0.000400003045797348,12000,0,False,No Encryption,10,18,24999809.63911525,4.00003045797348e-05
0.00039998849388211966,0.0,0.00039998849388211966,12000,0,False,No Encryption,10,19,25000719.15305417,3.9998849388211966e-05
0.000400003045797348,0.0,0.000400003045797348,12000,0,False,No Encryption,10,20,24999809.63911525,4.00003045797348e-05
0.003300010575912893,0.0,0.003300010575912893,60000,0,False,No Encryption,50,1,15151466.593760336,6.600021151825786e-05
0.0011999945854768157,0.0,0.0011999945854768157,60000,0,False,No Encryption,50,2,41666854.6717922,2.3999891709536314e-05
0.0011999945854768157,0.0,0.0011999945854768157,60000,0,False,No Encryption,50,3,41666854.6717922,2.3999891709536314e-05
0.0011999945854768157,0.0,0.0011999945854768157,60000,0,False,No Encryption,50,4,41666854.6717922,2.3999891709536314e-05
0.001200009137392044,0.0,0.001200009137392044,60000,0,False,No Encryption,50,5,41666349.39852542,2.400018274784088e-05
0.001200009137392044,0.0,0.001200009137392044,60000,0,False,No Encryption,50,6,41666349.39852542,2.400018274784088e-05
0.0012999953469261527,0.0,0.0012999953469261527,60000,0,False,No Encryption,50,7,38461676.126937926,2.5999906938523054e-05
0.0012999953469261527,0.0,0.0012999953469261527,60000,0,False,No Encryption,50,8,38461676.126937926,2.5999906938523054e-05
0.001200009137392044,0.0,0.001200009137392044,60000,0,False,No Encryption,50,9,41666349.39852542,2.400018274784088e-05
0.0011999945854768157,0.0,0.0011999945854768157,60000,0,False,No Encryption,50,10,41666854.6717922,2.3999891709536314e-05
0.0013999961083754897,0.0,0.0013999961083754897,60000,0,False,No Encryption,50,11,35714384.990697145,2.7999922167509794e-05
0.0011999945854768157,0.0,0.0011999945854768157,60000,0,False,No Encryption,50,12,41666854.6717922,2.3999891709536314e-05
0.0011999945854768157,0.0,0.0011999945854768157,60000,0,False,No Encryption,50,13,41666854.6717922,2.3999891709536314e-05
0.001200009137392044,0.0,0.001200009137392044,60000,0,False,No Encryption,50,14,41666349.39852542,2.400018274784088e-05
0.0011999945854768157,0.0,0.0011999945854768157,60000,0,False,No Encryption,50,15,41666854.6717922,2.3999891709536314e-05
0.0011999945854768157,0.0,0.0011999945854768157,60000,0,False,No Encryption,50,16,41666854.6717922,2.3999891709536314e-05
0.0012999953469261527,0.0,0.0012999953469261527,60000,0,False,No Encryption,50,17,38461676.126937926,2.5999906938523054e-05
0.001300009898841381,0.0,0.001300009898841381,60000,0,False,No Encryption,50,18,38461245.59863885,2.600019797682762e-05
0.0011999945854768157,0.0,0.0011999945854768157,60000,0,False,No Encryption,50,19,41666854.6717922,2.3999891709536314e-05
0.0011999945854768157,0.0,0.0011999945854768157,60000,0,False,No Encryption,50,20,41666854.6717922,2.3999891709536314e-05
0.02689998655114323,0.0,0.02689998655114323,120000,0,False,No Encryption,100,1,3717473.977538107,0.0002689998655114323
0.0029999937396496534,0.0,0.0029999937396496534,120000,0,False,No Encryption,100,2,33333402.892926786,2.9999937396496534e-05
0.0025000044843181968,0.0,0.0025000044843181968,120000,0,False,No Encryption,100,3,39999928.251037546,2.5000044843181968e-05
0.0023999891709536314,0.0,0.0023999891709536314,120000,0,False,No Encryption,100,4,41666854.6717922,2.3999891709536314e-05
0.0026000052457675338,0.0,0.0026000052457675338,120000,0,False,No Encryption,100,5,38461460.86158358,2.6000052457675338e-05
0.0024999899324029684,0.0,0.0024999899324029684,120000,0,False,No Encryption,100,6,40000161.08220118,2.4999899324029684e-05
0.002800006768666208,0.0,0.002800006768666208,120000,0,False,No Encryption,100,7,35714199.37946626,2.8000067686662078e-05
0.0025000044843181968,0.0,0.0025000044843181968,120000,0,False,No Encryption,100,8,39999928.251037546,2.5000044843181968e-05
0.0022999884095042944,0.0,0.0022999884095042944,120000,0,False,No Encryption,100,9,43478479.97266757,2.2999884095042944e-05
0.0023999891709536314,0.0,0.0023999891709536314,120000,0,False,No Encryption,100,10,41666854.6717922,2.3999891709536314e-05
0.0025999906938523054,0.0,0.0025999906938523054,120000,0,False,No Encryption,100,11,38461676.126937926,2.5999906938523054e-05
0.0024000037228688598,0.0,0.0024000037228688598,120000,0,False,No Encryption,100,12,41666602.033627,2.4000037228688598e-05
0.0023000029614195228,0.0,0.0023000029614195228,120000,0,False,No Encryption,100,13,43478204.88817184,2.3000029614195228e-05
0.0023000029614195228,0.0,0.0023000029614195228,120000,0,False,No Encryption,100,14,43478204.88817184,2.3000029614195228e-05
0.0024000037228688598,0.0,0.0024000037228688598,120000,0,False,No Encryption,100,15,41666602.033627,2.4000037228688598e-05
0.006000002031214535,0.0,0.006000002031214535,120000,0,False,No Encryption,100,16,16666661.024405977,6.000002031214535e-05
0.0034999975468963385,0.0,0.0034999975468963385,120000,0,False,No Encryption,100,17,28571448.59677862,3.4999975468963385e-05
0.0036999990697950125,0.0,0.0036999990697950125,120000,0,False,No Encryption,100,18,27027033.821805853,3.6999990697950125e-05
0.003200009814463556,0.0,0.003200009814463556,120000,0,False,No Encryption,100,19,31249904.155923292,3.200009814463556e-05
0.0031999952625483274,0.0,0.0031999952625483274,120000,0,False,No Encryption,100,20,31250046.26424498,3.1999952625483274e-05
21.101299993460998,0.029399991035461426,21.13069998449646,1232,256,False,AES-256,1,1,47.32450892463087,21.13069998449646
0.036299999919719994,0.012199991033412516,0.04849999095313251,1232,256,False,AES-256,1,2,20618.560547080106,0.04849999095313251
0.021100000594742596,0.008799994247965515,0.02989999484270811,1232,256,False,AES-256,1,3,33444.821822231046,0.02989999484270811
0.01650000922381878,0.007999988156370819,0.024499997380189598,1232,256,False,AES-256,1,4,40816.33089514483,0.024499997380189598
0.016599995433352888,0.008200004231184721,0.02479999966453761,1232,256,False,AES-256,1,5,40322.581190593126,0.02479999966453761
0.01820000761654228,0.008600007276982069,0.02680001489352435,1232,256,False,AES-256,1,6,37313.412099693596,0.02680001489352435
0.017300000763498247,0.007499998901039362,0.02479999966453761,1232,256,False,AES-256,1,7,40322.581190593126,0.02479999966453761
0.015900004655122757,0.007499998901039362,0.02340000355616212,1232,256,False,AES-256,1,8,42735.03624048218,0.02340000355616212
0.01580000389367342,0.007499998901039362,0.023300002794712782,1232,256,False,AES-256,1,9,42918.449787779384,0.023300002794712782
0.016299993149004877,0.007599999662488699,0.023899992811493576,1232,256,False,AES-256,1,10,41841.0167688041,0.023899992811493576
0.0168999977177009,0.007700000423938036,0.024599998141638935,1232,256,False,AES-256,1,11,40650.40957492433,0.024599998141638935
0.015400000847876072,0.009499999578110874,0.024900000425986946,1232,256,False,AES-256,1,12,40160.6418832165,0.024900000425986946
0.01649999467190355,0.00790000194683671,0.02439999661874026,1232,256,False,AES-256,1,13,40983.61223673107,0.02439999661874026
0.017099999240599573,0.007499998901039362,0.024599998141638935,1232,256,False,AES-256,1,14,40650.40957492433,0.024599998141638935
0.01479999627918005,0.008699993486516178,0.023499989765696228,1232,256,False,AES-256,1,15,42553.21002138204,0.023499989765696228
0.016599995433352888,0.007700000423938036,0.024299995857290924,1232,256,False,AES-256,1,16,41152.27039020099,0.024299995857290924
0.016000005416572094,0.007400012691505253,0.023400018108077347,1232,256,False,AES-256,1,17,42735.00966457861,0.023400018108077347
0.013899989426136017,0.007399998139590025,0.021299987565726042,1232,256,False,AES-256,1,18,46948.384214510384,0.021299987565726042
0.013899989426136017,0.008800008799880743,0.02269999822601676,1232,256,False,AES-256,1,19,44052.86687881267,0.02269999822601676
0.014199991710484028,0.007299997378140688,0.021499989088624716,1232,256,False,AES-256,1,20,46511.65151191092,0.021499989088624716
0.029799994081258774,0.014300007023848593,0.04410000110510737,12032,256,False,AES-256,10,1,226757.36393217157,0.004410000110510737
0.027599991881288588,0.009700001101009548,0.037299992982298136,12032,256,False,AES-256,10,2,268096.5651855701,0.0037299992982298136
0.0261999957729131,0.010100004146806896,0.036299999919719994,12032,256,False,AES-256,10,3,275482.09427315986,0.0036299999919719994
0.028299997211433947,0.020399995264597237,0.048699992476031184,12032,256,False,AES-256,10,4,205338.84075899454,0.004869999247603118
0.03650000144261867,0.011199997970834374,0.04769999941345304,12032,256,False,AES-256,10,5,209643.60844792076,0.004769999941345304
0.029100003303028643,0.009900002623908222,0.039000005926936865,12032,256,False,AES-256,10,6,256410.21744289304,0.0039000005926936865
0.026299996534362435,0.010000003385357559,0.036299999919719994,12032,256,False,AES-256,10,7,275482.09427315986,0.0036299999919719994
0.026699999580159783,0.009700001101009548,0.03640000068116933,12032,256,False,AES-256,10,8,274725.26958421903,0.003640000068116933
0.02510000194888562,0.009199997293762863,0.03429999924264848,12032,256,False,AES-256,10,9,291545.195941755,0.0034299999242648482
0.025900008040480316,0.009200011845678091,0.03510001988615841,12032,256,False,AES-256,10,10,284900.12348806305,0.0035100019886158407
0.027600006433203816,0.00960000033956021,0.03720000677276403,12032,256,False,AES-256,10,11,268817.15535926993,0.0037200006772764027
0.02510000194888562,0.009100011084228754,0.034200013033114374,12032,256,False,AES-256,10,12,292397.5493903303,0.0034200013033114374
0.025399989681318402,0.00960000033956021,0.03499999002087861,12032,256,False,AES-256,10,13,285714.3671765243,0.0034999990020878613
0.025999994250014424,0.0092999980552122,0.035299992305226624,12032,256,False,AES-256,10,14,283286.1807315287,0.0035299992305226624
0.04049998824484646,0.01270000939257443,0.05319999763742089,12032,256,False,AES-256,10,15,187969.93315965857,0.005319999763742089
0.029499991796910763,0.009900002623908222,0.039399994420818985,12032,256,False,AES-256,10,16,253807.14253898454,0.0039399994420818985
0.02610000956337899,0.009100011084228754,0.035200020647607744,12032,256,False,AES-256,10,17,284090.742449028,0.0035200020647607744
0.02720000338740647,0.009499999578110874,0.03670000296551734,12032,256,False,AES-256,10,18,272479.5420151823,0.003670000296551734
0.025899993488565087,0.009499999578110874,0.03539999306667596,12032,256,False,AES-256,10,19,282485.9310329519,0.003539999306667596
0.02570000651758164,0.009099996532313526,0.03480000304989517,12032,256,False,AES-256,10,20,287356.29665498337,0.0034800003049895167
0.07520000508520752,0.01889999839477241,0.09410000347997993,60032,256,False,AES-256,50,1,531349.6084050374,0.0018820000695995986
0.06730000313837081,0.01829999382607639,0.0855999969644472,60032,256,False,AES-256,50,2,584112.1702465342,0.001711999939288944
0.17869999282993376,0.01889999839477241,0.19759999122470617,60032,256,False,AES-256,50,3,253036.4484841558,0.0039519998244941235
0.06710000161547214,0.018099992303177714,0.08519999391864985,60032,256,False,AES-256,50,4,586854.5019820154,0.001703999878372997
0.06779999239370227,0.01720000000204891,0.08499999239575118,60032,256,False,AES-256,50,5,588235.346742211,0.0016999998479150236
0.0703999976394698,0.01759998849593103,0.08799998613540083,60032,256,False,AES-256,50,6,568181.9077001638,0.0017599997227080166
0.06779999239370227,0.0168999977177009,0.08469999011140317,60032,256,False,AES-256,50,7,590318.8410557853,0.0016939998022280633
0.0675999908708036,0.016900012269616127,0.08450000314041972,60032,256,False,AES-256,50,8,591715.954340397,0.0016900000628083944
0.07999999797903001,0.03029999788850546,0.11029999586753547,60032,256,False,AES-256,50,9,453309.1738285048,0.0022059999173507094
0.07749999349471182,0.0295999925583601,0.10709998605307192,60032,256,False,AES-256,50,10,466853.4688251331,0.0021419997210614383
0.07500000356230885,0.01850000990089029,0.09350001346319914,60032,256,False,AES-256,50,11,534759.281288014,0.0018700002692639828
0.07049999840091914,0.017600003047846258,0.0881000014487654,60032,256,False,AES-256,50,12,567536.8805649512,0.001762000028975308
0.06819999543949962,0.017300000763498247,0.08549999620299786,60032,256,False,AES-256,50,13,584795.3476078267,0.0017099999240599573
0.06760000542271882,0.01889999839477241,0.08650000381749123,60032,256,False,AES-256,50,14,578034.65657061,0.0017300000763498247
0.06770000618416816,0.0168999977177009,0.08460000390186906,60032,256,False,AES-256,50,15,591016.5212048572,0.0016920000780373812
0.06849999772384763,0.01720000000204891,0.08569999772589654,60032,256,False,AES-256,50,16,583430.5872436584,0.0017139999545179307
0.06730000313837081,0.018399994587525725,0.08569999772589654,60032,256,False,AES-256,50,17,583430.5872436584,0.0017139999545179307
0.09989998943638057,0.028800001018680632,0.1286999904550612,60032,256,False,AES-256,50,18,388500.41731323005,0.002573999809101224
0.07389999518636614,0.018300008377991617,0.09220000356435776,60032,256,False,AES-256,50,19,542299.3282760432,0.0018440000712871552
0.06910000229254365,0.017600003047846258,0.08670000534038991,60032,256,False,AES-256,50,20,576701.233220191,0.0017340001068077981
0.1429999974789098,0.03540000761859119,0.17840000509750098,120032,256,False,AES-256,100,1,560538.1005754288,0.0017840000509750098
0.13449999096337706,0.033200005418621004,0.16769999638199806,120032,256,False,AES-256,100,2,596302.9347491066,0.0016769999638199806
0.1365999924018979,0.03959999594371766,0.17619998834561557,120032,256,False,AES-256,100,3,567536.9274363992,0.0017619998834561557
0.12480000441428274,0.033200005418621004,0.15800000983290374,120032,256,False,AES-256,100,4,632911.3530167316,0.0015800000983290374
0.12309999146964401,0.028399997972883284,0.1514999894425273,120032,256,False,AES-256,100,5,660066.0525982134,0.001514999894425273
0.12250000145286322,0.029999995604157448,0.15249999705702066,120032,256,False,AES-256,100,6,655737.7175726069,0.0015249999705702066
0.11990001075901091,0.02989999484270811,0.14980000560171902,120032,256,False,AES-256,100,7,667556.7173600456,0.0014980000560171902
0.1357000001007691,0.031100003980100155,0.16680000408086926,120032,256,False,AES-256,100,8,599520.3690253942,0.0016680000408086926
0.12060000153724104,0.029800008633174002,0.15040001017041504,120032,256,False,AES-256,100,9,664893.5720595506,0.0015040001017041504
0.1201999984914437,0.030499999411404133,0.15069999790284783,120032,256,False,AES-256,100,10,663570.0158699887,0.0015069999790284783
0.12070000229869038,0.029400005587376654,0.15010000788606703,120032,256,False,AES-256,100,11,666222.4833186199,0.0015010000788606703
0.12100000458303839,0.029000002541579306,0.1500000071246177,120032,256,False,AES-256,100,12,666666.6350017007,0.001500000071246177
0.12159999459981918,0.030399998649954796,0.15199999324977398,120032,256,False,AES-256,100,13,657894.766058805,0.0015199999324977398
0.12080000306013972,0.02890000178012997,0.14970000484026968,120032,256,False,AES-256,100,14,668002.6504120709,0.0014970000484026968
0.12330000754445791,0.042400002712383866,0.16570001025684178,120032,256,False,AES-256,100,15,603500.2643934416,0.0016570001025684178
0.13949999993201345,0.03819999983534217,0.17769999976735562,120032,256,False,AES-256,100,16,562746.202199886,0.0017769999976735562
0.12320000678300858,0.029999995604157448,0.15320000238716602,120032,256,False,AES-256,100,17,652741.5041892797,0.0015320000238716602
0.12340000830590725,0.029799994081258774,0.15320000238716602,120032,256,False,AES-256,100,18,652741.5041892797,0.0015320000238716602
0.12159999459981918,0.02849999873433262,0.1500999933341518,120032,256,False,AES-256,100,19,666222.5479076507,0.001500999933341518
0.11979999544564635,0.02950000634882599,0.14930000179447234,120032,256,False,AES-256,100,20,669792.356316652,0.0014930000179447234
15.023899992811494,0.008799994247965515,15.032699987059459,1232,128,False,TLS,1,1,66.52164952808386,15.032699987059459
15.016199992387556,0.009199997293762863,15.025399989681318,1232,128,False,TLS,1,2,66.55396865885429,15.025399989681318
15.01549998705741,0.007499998901039362,15.02299998595845,1232,128,False,TLS,1,3,66.56460100743328,15.02299998595845
15.014500008546747,0.007299997378140688,15.021800005924888,1232,128,False,TLS,1,4,66.56991835902359,15.021800005924888
15.01479999627918,0.007000009645707905,15.021800005924888,1232,128,False,TLS,1,5,66.56991835902359,15.021800005924888
15.01779999001883,0.007700000423938036,15.025499990442768,1232,128,False,TLS,1,6,66.55352571535506,15.025499990442768
15.016000005416572,0.007499998901039362,15.023500004317611,1232,128,False,TLS,1,7,66.56238557677035,15.023500004317611
15.014099990949035,0.007200011168606579,15.021300002117641,1232,128,False,TLS,1,8,66.5721342266664,15.021300002117641
15.015500001609325,0.007199996616691351,15.022699998226017,1232,128,False,TLS,1,9,66.5659302334525,15.022699998226017
15.013699987903237,0.007000009645707905,15.020699997548945,1232,128,False,TLS,1,10,66.5747934625669,15.020699997548945
15.01559998781886,0.007599999662488699,15.023199987481348,1232,128,False,TLS,1,11,66.56371484326162,15.023199987481348
15.014400007785298,0.007099995855242014,15.02150000364054,1232,128,False,TLS,1,12,66.57124786190758,15.02150000364054
15.015300000086427,0.008999995770864189,15.024299995857291,1232,128,False,TLS,1,13,66.55884136204241,15.024299995857291
15.01630000770092,0.007199996616691351,15.023500004317611,1232,128,False,TLS,1,14,66.56238557677035,15.023500004317611
15.013700002455153,0.006999995093792677,15.020699997548945,1232,128,False,TLS,1,15,66.5747934625669,15.020699997548945
15.015600002370775,0.007399998139590025,15.023000000510365,1232,128,False,TLS,1,16,66.56460094295598,15.023000000510365
15.017700003809296,0.007499998901039362,15.025200002710335,1232,128,False,TLS,1,17,66.55485449908248,15.025200002710335
15.021599989850074,0.007700000423938036,15.029299990274012,1232,128,False,TLS,1,18,66.53669835901441,15.029299990274012
15.014500008546747,0.008499991963617504,15.023000000510365,1232,128,False,TLS,1,19,66.56460094295598,15.023000000510365
15.013800003216602,0.00689999433234334,15.020699997548945,1232,128,False,TLS,1,20,66.5747934625669,15.020699997548945
15.029099988751113,0.01060000795405358,15.039699996705167,12032,128,False,TLS,10,1,664.9068799371502,1.5039699996705167
15.026299996534362,0.009399998816661537,15.035699995351024,12032,128,False,TLS,10,2,665.0837675061326,1.5035699995351024
15.02669999958016,0.00960000033956021,15.03629999991972,12032,128,False,TLS,10,3,665.0572281780353,1.503629999991972
15.025999994250014,0.0092999980552122,15.035299992305227,12032,128,False,TLS,10,4,665.1014615682963,1.5035299992305227
15.02439999661874,0.009099996532313526,15.033499993151054,12032,128,False,TLS,10,5,665.1810958563069,1.5033499993151054
15.027500005671754,0.009499999578110874,15.037000005249865,12032,128,False,TLS,10,6,665.0262683054268,1.5037000005249865
15.025600005756132,0.009199997293762863,15.034800003049895,12032,128,False,TLS,10,7,665.1235798262327,1.5034800003049895
15.025300003471784,0.009099996532313526,15.034400000004098,12032,128,False,TLS,10,8,665.1412760068425,1.5034400000004098
15.025400004233234,0.009100011084228754,15.034500015317462,12032,128,False,TLS,10,9,665.1368512296247,1.5034500015317462
15.024200009647757,0.01030000566970557,15.034500015317462,12032,128,False,TLS,10,10,665.1368512296247,1.5034500015317462
15.026499998057261,0.009399998816661537,15.035899996873923,12032,128,False,TLS,10,11,665.0749208280898,1.5035899996873923
15.025300003471784,0.009000010322779417,15.034300013794564,12032,128,False,TLS,10,12,665.1456995553239,1.5034300013794564
15.025899993488565,0.009199997293762863,15.035099990782328,12032,128,False,TLS,10,13,665.1103089524358,1.5035099990782328
15.025100001948886,0.008899995009414852,15.0339999969583,12032,128,False,TLS,10,14,665.1589731291215,1.50339999969583
15.02380000660196,0.008999995770864189,15.032800002372824,12032,128,False,TLS,10,15,665.2120695027919,1.5032800002372824
15.025200002710335,0.010499992640689015,15.035699995351024,12032,128,False,TLS,10,16,665.0837675061326,1.5035699995351024
15.025399989681318,0.009199997293762863,15.034599986975081,12032,128,False,TLS,10,17,665.1324284426121,1.5034599986975081
15.027400004910305,0.0092999980552122,15.036700002965517,12032,128,False,TLS,10,18,665.0395364692927,1.5036700002965517
15.025500004994683,0.008999995770864189,15.034500000765547,12032,128,False,TLS,10,19,665.1368518734115,1.5034500000765547
15.024000008124858,0.010400006431154907,15.034400014556013,12032,128,False,TLS,10,20,665.1412753630472,1.5034400014556013
15.0710999884177,0.018999999156221747,15.090099987573922,60032,128,False,TLS,50,1,3313.430662565056,0.3018019997514784
15.068399996962398,0.017300000763498247,15.085699997725897,60032,128,False,TLS,50,2,3314.397078527167,0.3017139999545179
15.122699988423847,0.0540999899385497,15.176799978362396,60032,128,False,TLS,50,3,3294.502139534364,0.3035359995672479
15.098200005595572,0.025999994250014424,15.124199999845587,60032,128,False,TLS,50,4,3305.9599846940982,0.3024839999969117
15.08729999535717,0.02439999661874026,15.111699991975911,60032,128,False,TLS,50,5,3308.6945893942616,0.3022339998395182
15.09249999129679,0.022500011255033314,15.115000002551824,60032,128,False,TLS,50,6,3307.972212474935,0.30230000005103647
15.095600000349805,0.023200002033263445,15.118800002383068,60032,128,False,TLS,50,7,3307.1407778473726,0.30237600004766135
15.084799990872853,0.022499996703118086,15.10729998757597,60032,128,False,TLS,50,8,3309.6582474114693,0.3021459997515194
15.084699990111403,0.022499996703118086,15.107199986814521,60032,128,False,TLS,50,9,3309.6801553987316,0.3021439997362904
15.083099992480129,0.022599997464567423,15.105699989944696,60032,128,False,TLS,50,10,3310.00880682677,0.3021139997988939
15.08739999611862,0.021500003640539944,15.10889999975916,60032,128,False,TLS,50,11,3309.307759055723,0.3021779999951832
15.08440000237897,0.029099988751113415,15.113499991130084,60032,128,False,TLS,50,12,3308.300527961382,0.30226999982260166
15.084899991634302,0.022299995180219412,15.107199986814521,60032,128,False,TLS,50,13,3309.6801553987316,0.3021439997362904
15.083899998571724,0.022299995180219412,15.106199993751943,60032,128,False,TLS,50,14,3309.899248035935,0.30212399987503885
15.08440000237897,0.02099999983329326,15.105400002212264,60032,128,False,TLS,50,15,3310.0745423939284,0.30210800004424526
15.100000004749745,0.024599998141638935,15.124600002891384,60032,128,False,TLS,50,16,3305.8725513693885,0.30249200005782767
15.088700006017461,0.02950000634882599,15.118200012366287,60032,128,False,TLS,50,17,3307.272027033729,0.30236400024732574
15.086200001533143,0.020699997548945248,15.106899999082088,60032,128,False,TLS,50,18,3309.745877912613,0.30213799998164176
15.068100009229966,0.022799998987466097,15.090900008217432,60032,128,False,TLS,50,19,3313.2550061807815,0.3018180001643486
15.06740000389982,0.01829999382607639,15.085699997725897,60032,128,False,TLS,50,20,3314.397078527167,0.3017139999545179
15.134199988679029,0.033200005418621004,15.16739999409765,120032,128,False,TLS,100,1,6593.087809309091,0.1516739999409765
15.12599999899976,0.04460000491235405,15.170600003912114,120032,128,False,TLS,100,2,6591.6970966351055,0.15170600003912113
15.12820000119973,0.03169999399688095,15.15989999519661,120032,128,False,TLS,100,3,6596.349582232392,0.1515989999519661
15.124600002891384,0.03169999399688095,15.156299996888265,120032,128,False,TLS,100,4,6597.916379362441,0.15156299996888264
15.12429998605512,0.031000003218650818,15.155299989273772,120032,128,False,TLS,100,5,6598.351736407424,0.1515529998927377
15.12599999899976,0.03369999467395246,15.159699993673712,120032,128,False,TLS,100,6,6596.4366076987635,0.15159699993673711
15.124199999845587,0.029499991796910763,15.153699991642497,120032,128,False,TLS,100,7,6599.048420857715,0.15153699991642497
15.119100004667416,0.03519999154377729,15.154299996211194,120032,128,False,TLS,100,8,6598.787144572929,0.15154299996211193
15.119200005428866,0.029499991796910763,15.148699997225776,120032,128,False,TLS,100,9,6601.226509094066,0.15148699997225776
15.118199997814372,0.027599991881288588,15.14579998969566,120032,128,False,TLS,100,10,6602.490463893244,0.1514579998969566
15.148000006447546,0.058299992815591395,15.206299999263138,120032,128,False,TLS,100,11,6576.221697904538,0.15206299999263137
15.16209999739658,0.03619999915827066,15.198299996554852,120032,128,False,TLS,100,12,6579.683255539631,0.1519829999655485
15.15269999857992,0.034199998481199145,15.186899997061118,120032,128,False,TLS,100,13,6584.622274417519,0.15186899997061118
15.146899998071603,0.03060000017285347,15.177499998244457,120032,128,False,TLS,100,14,6588.70037961237,0.15177499998244456
15.136000002385117,0.03880000440403819,15.174800006789155,120032,128,False,TLS,100,15,6589.872680711464,0.15174800006789155
15.127700011944398,0.028600014047697186,15.156300025992095,120032,128,False,TLS,100,16,6597.916366692816,0.15156300025992095
15.126999992062338,0.028599999495781958,15.15559999155812,120032,128,False,TLS,100,17,6598.22112326146,0.1515559999155812
15.147699989611283,0.03890000516548753,15.18659999477677,120032,128,False,TLS,100,18,6584.752349728949,0.1518659999477677
15.157600006787106,0.03750000905711204,15.195100015844218,120032,128,False,TLS,100,19,6581.06889034808,0.15195100015844218
15.124400001368485,0.03169999399688095,15.156099995365366,120032,128,False,TLS,100,20,6598.003446175423,0.15156099995365366
6.5750000067055225,1.0130000009667128,7.588000007672235,334369,128,True,FHE-CKKS,1,1,131.78703202278584,7.588000007672235
5.74939999205526,0.9247999987564981,6.674199990811758,334570,128,True,FHE-CKKS,1,2,149.83069152507878,6.674199990811758
5.686100004822947,0.9120000031543896,6.598100007977337,334325,128,True,FHE-CKKS,1,3,151.55878189038734,6.598100007977337
5.496199999470264,1.0806999925989658,6.5768999920692295,334150,128,True,FHE-CKKS,1,4,152.04731730843596,6.5768999920692295
6.139100005384535,0.9139000030700117,7.053000008454546,334466,128,True,FHE-CKKS,1,5,141.78363799819704,7.053000008454546
5.351999992853962,0.9679999930085614,6.319999985862523,334059,128,True,FHE-CKKS,1,6,158.22784845521244,6.319999985862523
6.81240000994876,0.9401999996043742,7.752600009553134,334320,128,True,FHE-CKKS,1,7,128.98898418179076,7.752600009553134
5.362199997762218,0.8729999972274527,6.235199994989671,334240,128,True,FHE-CKKS,1,8,160.37977944629773,6.235199994989671
6.40430000203196,0.9163999930024147,7.320699995034374,334457,128,True,FHE-CKKS,1,9,136.59895920858654,7.320699995034374
5.484699999215081,0.9647999977460131,6.449499996961094,334239,128,True,FHE-CKKS,1,10,155.05077920322267,6.449499996961094
5.863900005351752,1.3340000004973263,7.197900005849078,334424,128,True,FHE-CKKS,1,11,138.92940985390058,7.197900005849078
5.22629999613855,0.9098000009544194,6.13609999709297,334196,128,True,FHE-CKKS,1,12,162.9699647127261,6.13609999709297
5.205200010095723,0.8814999891910702,6.086699999286793,334213,128,True,FHE-CKKS,1,13,164.29263806614006,6.086699999286793
6.348399998387322,0.9210999996867031,7.269499998074025,334471,128,True,FHE-CKKS,1,14,137.56104274914907,7.269499998074025
4.782200005138293,0.8894999918993562,5.671699997037649,333855,128,True,FHE-CKKS,1,15,176.31398002755856,5.671699997037649
5.975199994281866,1.0221999982604757,6.997399992542341,334202,128,True,FHE-CKKS,1,16,142.9102239497207,6.997399992542341
4.35519999882672,0.8720999903744087,5.2272999892011285,333448,128,True,FHE-CKKS,1,17,191.3033501168596,5.2272999892011285
5.396599997766316,1.030300001730211,6.426899999496527,334209,128,True,FHE-CKKS,1,18,155.59601053047945,6.426899999496527
5.256899996311404,0.9172999998554587,6.1741999961668625,334130,128,True,FHE-CKKS,1,19,161.96430316815645,6.1741999961668625
5.618600000161678,0.8938999962992966,6.512499996460974,334211,128,True,FHE-CKKS,1,20,153.55086380705114,6.512499996460974
54.220099991653115,8.4703000029549,62.690399994608015,3343177,128,True,FHE-CKKS,10,1,159.51405639236785,6.2690399994608015
51.142099997377954,8.711899994523264,59.85399999190122,3341900,128,True,FHE-CKKS,10,2,167.0732115038776,5.985399999190122
52.57800000254065,9.34879999840632,61.92680000094697,3344101,128,True,FHE-CKKS,10,3,161.48097430913728,6.192680000094697
56.00359999516513,8.827600002405234,64.83119999757037,3343260,128,True,FHE-CKKS,10,4,154.2467207204982,6.483119999757037
53.38539999502245,9.15250000252854,62.537899997550994,3342207,128,True,FHE-CKKS,10,5,159.90303480595932,6.253789999755099
63.43970001034904,9.704700001748279,73.14440001209732,3342574,128,True,FHE-CKKS,10,6,136.71586612708703,7.314440001209732
54.5715000043856,9.962199997971766,64.53370000235736,3342634,128,True,FHE-CKKS,10,7,154.95779723826016,6.453370000235736
54.010400010156445,10.600400011753663,64.61080002191011,3343463,128,True,FHE-CKKS,10,8,154.77288621420738,6.461080002191011
51.46240000613034,8.498600000166334,59.96100000629667,3343310,128,True,FHE-CKKS,10,9,166.77507044495377,5.996100000629667
63.20739998773206,15.71680000051856,78.92419998825062,3342709,128,True,FHE-CKKS,10,10,126.7038500420491,7.892419998825062
73.03020000108518,8.949899987783283,81.98009998886846,3343230,128,True,FHE-CKKS,10,11,121.9808221917006,8.198009998886846
63.03710000065621,10.058600004413165,73.09570000506938,3343304,128,True,FHE-CKKS,10,12,136.80695306709526,7.3095700005069375
55.17590000818018,8.97100000292994,64.14690001111012,3342886,128,True,FHE-CKKS,10,13,155.89217870650054,6.414690001111012
55.01739999454003,9.2785000015283,64.29589999606833,3343630,128,True,FHE-CKKS,10,14,155.53091255603385,6.429589999606833
55.05100000300445,9.275799995521083,64.32679999852553,3343587,128,True,FHE-CKKS,10,15,155.45620177327672,6.432679999852553
57.023400004254654,8.241899995482527,65.26529999973718,3342511,128,True,FHE-CKKS,10,16,153.22077735090883,6.526529999973718
51.58619998837821,9.309500004746951,60.89569999312516,3343319,128,True,FHE-CKKS,10,17,164.2152073320276,6.089569999312516
54.71589999797288,8.479299998725764,63.19519999669865,3342788,128,True,FHE-CKKS,10,18,158.23986632722747,6.319519999669865
52.1463000040967,9.574299998348579,61.72060000244528,3343178,128,True,FHE-CKKS,10,19,162.02045993726267,6.172060000244528
52.5980999955209,9.412800005520694,62.01090000104159,3343582,128,True,FHE-CKKS,10,20,161.26197168291432,6.201090000104159
270.8526999922469,44.36119999445509,315.213899986702,16715662,128,True,FHE-CKKS,50,1,158.6224465422031,6.30427799973404
261.63769999402575,42.11880000366364,303.7564999976894,16715060,128,True,FHE-CKKS,50,2,164.6055310763073,6.075129999953788
263.30780000716913,42.35809999227058,305.6658999994397,16717058,128,True,FHE-CKKS,50,3,163.57729141553457,6.113317999988794
267.4507000047015,46.74259999592323,314.19330000062473,16714626,128,True,FHE-CKKS,50,4,159.13770280875048,6.283866000012495
297.35949999303557,46.614300008513965,343.97380000154953,16713456,128,True,FHE-CKKS,50,5,145.3599082249135,6.879476000030991
262.01859999855515,46.595499996328726,308.6140999948839,16715164,128,True,FHE-CKKS,50,6,162.01463251623593,6.1722819998976775
262.4489000008907,46.27289999916684,308.72180000005756,16714806,128,True,FHE-CKKS,50,7,161.95811244943079,6.174436000001151
272.60959999694023,42.39339999912772,315.00299999606796,16713931,128,True,FHE-CKKS,50,8,158.7286470307398,6.300059999921359
265.70150000043213,46.7555000068387,312.45700000727084,16713498,128,True,FHE-CKKS,50,9,160.0220190260948,6.249140000145417
274.4596999982605,63.44669999089092,337.9063999891514,16712012,128,True,FHE-CKKS,50,10,147.96997038708133,6.758127999783028
324.76730000053067,48.276400004397146,373.0437000049278,16714910,128,True,FHE-CKKS,50,11,134.03255436116333,7.460874000098556
305.9797999885632,58.81269999372307,364.79249998228624,16716917,128,True,FHE-CKKS,50,12,137.0642214476118,7.295849999645725
289.6997000061674,47.81899999943562,337.518700005603,16716565,128,True,FHE-CKKS,50,13,148.1399400956746,6.7503740001120605
283.01629998895805,45.19980000623036,328.2160999951884,16714276,128,True,FHE-CKKS,50,14,152.33865736852334,6.564321999903768
258.4721999883186,44.9640000006184,303.436199988937,16713701,128,True,FHE-CKKS,50,15,164.77928474527084,6.06872399977874
287.60139999212697,46.072500001173466,333.67389999330044,16715037,128,True,FHE-CKKS,50,16,149.846901423827,6.673477999866009
298.66210000182036,48.2647999888286,346.92689999064896,16714705,128,True,FHE-CKKS,50,17,144.12258029385353,6.938537999812979
279.02860000904184,49.38550000952091,328.41410001856275,16713788,128,True,FHE-CKKS,50,18,152.24681278049232,6.568282000371255
303.80789999617264,58.175099999061786,361.9829999952344,16716186,128,True,FHE-CKKS,50,19,138.12803363875722,7.2396599999046884
300.0307000038447,43.912399996770546,343.94310000061523,16712386,128,True,FHE-CKKS,50,20,145.37288289810311,6.878862000012305
572.0003999886103,94.56860000500455,666.5689999936149,33429567,128,True,FHE-CKKS,100,1,150.02197822124626,6.6656899999361485
577.6766999915708,88.40839999902528,666.0850999905961,33430106,128,True,FHE-CKKS,100,2,150.13096675096293,6.660850999905961
601.6644000046654,90.21819999907166,691.882600003737,33428317,128,True,FHE-CKKS,100,3,144.53319103480834,6.91882600003737
547.8661000088323,92.69430000858847,640.5604000174208,33422780,128,True,FHE-CKKS,100,4,156.11330328456205,6.405604000174208
562.1967999904882,98.57580000243615,660.7725999929244,33425716,128,True,FHE-CKKS,100,5,151.33799434339562,6.607725999929244
556.3496000104351,88.92579999519512,645.2754000056302,33429703,128,True,FHE-CKKS,100,6,154.97258999665488,6.452754000056302
549.8612000083085,110.77659999136813,660.6377999996766,33430275,128,True,FHE-CKKS,100,7,151.3688741395799,6.6063779999967664
544.0304000076139,94.38840000075288,638.4188000083668,33428345,128,True,FHE-CKKS,100,8,156.6369912644951,6.384188000083668
561.1531000031391,99.25260000454728,660.4057000076864,33428028,128,True,FHE-CKKS,100,9,151.42207282407784,6.604057000076864
543.8175999879604,87.2730999981286,631.090699986089,33427763,128,True,FHE-CKKS,100,10,158.45582893584753,6.31090699986089
577.9019999899901,91.81870000611525,669.7206999961054,33428074,128,True,FHE-CKKS,100,11,149.31597604879397,6.697206999961054
550.8532999956515,105.04900000523776,655.9023000008892,33429642,128,True,FHE-CKKS,100,12,152.46173096185882,6.559023000008892
549.5232999965083,86.6764999955194,636.1997999920277,33427680,128,True,FHE-CKKS,100,13,157.18332511461512,6.361997999920277
571.2938999931794,96.92910000740085,668.2230000005802,33430705,128,True,FHE-CKKS,100,14,149.65064057943707,6.682230000005802
573.5705999977654,97.1309000015026,670.701499999268,33429565,128,True,FHE-CKKS,100,15,149.09762390587935,6.70701499999268
549.4972000014968,105.00490000413265,654.5021000056295,33426271,128,True,FHE-CKKS,100,16,152.78789785264232,6.545021000056295
587.6347000012174,91.73960000043735,679.3743000016548,33430277,128,True,FHE-CKKS,100,17,147.19426389805506,6.793743000016548
561.4710999943782,109.1801000002306,670.6511999946088,33428881,128,True,FHE-CKKS,100,18,149.1088064865967,6.706511999946088
534.6909000072628,94.07310000096913,628.764000008232,33429905,128,True,FHE-CKKS,100,19,159.0421843468945,6.28764000008232
578.8330000068527,100.6238999980269,679.4569000048796,33428411,128,True,FHE-CKKS,100,20,147.17636983196704,6.794569000048796
