data_generation,encryption,serialization,transmission,deserialization,decryption,total_latency,per_sample_latency,throughput,batch_size,ciphertext_size,trial
0.059999991208314896,3.9210999966599047,3.0950000073062256,27.519561767578125,1.3737999979639426,1.0288000048603863,36.9982617655769,36.9982617655769,27.0282967977268,1,334490,1
0.03840000135824084,3.4002000029431656,2.492800005711615,27.509796142578125,1.1292999988654628,0.9476999985054135,35.51819614996202,35.51819614996202,28.154582957363086,1,334362,2
0.04470000567380339,4.4255000102566555,2.5276000087615103,27.49072265625,1.255800001672469,1.1391999869374558,36.883522669551894,36.883522669551894,27.112377767146427,1,334112,3
0.043199994252063334,3.8702999881934375,2.370399990468286,27.516815185546875,0.9900000004563481,0.9295000054407865,35.720215164357796,35.720215164357796,27.99535208281209,1,334454,4
0.03369999467395246,3.3096000115619972,2.984999999171123,27.516204833984375,1.3827000075252727,1.2753999908454716,36.50260483776219,36.50260483776219,27.395305196562116,1,334446,5
0.034199998481199145,3.7749000039184466,2.3469000007025898,27.517501831054688,0.9748000011313707,1.0535000037634745,35.70180183905177,35.70180183905177,28.00979078053613,1,334463,6
0.031799994758330286,3.370499995071441,2.360200000111945,27.506744384765625,1.1790999997174367,1.1031000030925497,35.55144437751733,35.55144437751733,28.1282523821282,1,334322,7
0.032199997804127634,3.5333999985596165,1.848600004450418,27.484848022460938,0.9805000008782372,1.0245000012218952,34.90404802537523,34.90404802537523,28.649972039718726,1,334035,8
0.0357000099029392,3.0897000106051564,2.8369999927235767,27.5108642578125,0.9009999921545386,1.034300003084354,35.408564266283065,35.408564266283065,28.241755087263602,1,334376,9
0.042100000428035855,3.1427999929292127,2.5102000072365627,27.51513671875,0.8670999959576875,0.9388000034959987,35.0161367187975,35.0161367187975,28.558261810280634,1,334432,10
0.03060000017285347,3.0879999976605177,2.470999999786727,27.507736206054688,0.9539999882690609,1.0824999917531386,35.133836183696985,35.133836183696985,28.462590727966848,1,334335,11
0.04809998790733516,3.6300999927334487,2.42979999165982,27.511093139648438,0.8361000072909519,0.9857999975793064,35.4409931168193,35.4409931168193,28.215913608962275,1,334379,12
0.033899996196851134,3.393599996343255,1.8326999997952953,27.486984252929688,0.9058000141521916,1.0009999969042838,34.653984256321564,34.653984256321564,28.856710749430796,1,334063,13
0.03330000618007034,3.126800002064556,2.0320999901741743,27.515213012695312,0.8572000078856945,0.9835999953793362,34.548213014379144,34.548213014379144,28.945057146191466,1,334433,14
0.032800002372823656,3.0664000078104436,2.137799994670786,27.496063232421875,1.2850999919464812,1.2674000026891008,35.28556323191151,35.28556323191151,28.340202292580138,1,334182,15
0.05789998976979405,3.4980999917024747,2.4111000093398616,27.499954223632812,0.8889000018825755,0.9851999930106103,35.34115420933813,35.34115420933813,28.295623682142555,1,334233,16
0.03290000313427299,3.124399998341687,2.6437000051373616,27.50994873046875,1.4018000074429438,1.110200013499707,35.82294875802472,35.82294875802472,27.915066589150882,1,334364,17
0.034500000765547156,3.3097999985329807,2.182000011089258,27.51910400390625,0.8776000031502917,0.9818999969866127,34.90490401443094,34.90490401443094,28.649269443243966,1,334484,18
0.032899988582357764,3.116699997917749,2.5058000028366223,27.509262084960938,1.0907000105362386,1.211400012834929,35.466762097668834,35.466762097668834,28.195412855737633,1,334355,19
0.03789999755099416,3.742499990039505,1.7708999948808923,27.483779907226562,0.8358000050066039,0.9840999991865829,34.85497989389114,34.85497989389114,28.6903048874019,1,334021,20
0.04949999856762588,15.938700002152473,11.32680001319386,129.53173828125,4.424200000357814,5.323300007148646,166.59423830267042,33.31884766053408,30.013042773519814,5,1671584,1
0.06180000491440296,18.410200005746447,11.141399998450652,129.52769470214844,4.842599999392405,4.269600001862273,168.25329471251462,33.65065894250292,29.717100093304158,5,1671531,2
0.053800002206116915,16.056400010711513,11.281500002951361,129.50518798828125,4.737099996418692,4.392200004076585,166.02618800464552,33.2052376009291,30.115730898188765,5,1671236,3
0.06639999628532678,16.368700002203695,13.644000006024726,129.5189971923828,4.727800012915395,4.551599995465949,168.8774972052779,33.77549944105558,29.60726019004346,5,1671417,4
0.05299999611452222,16.73609999124892,12.475700001232326,129.53814697265625,4.660799997509457,4.792699997778982,168.25644695654046,33.65128939130809,29.716543350588328,5,1671668,5
0.07639999967068434,16.531699991901405,10.672499993233941,129.44529724121094,3.9244999934453517,4.459799994947389,165.1101972144097,33.02203944288194,30.2828055707975,5,1670451,6
0.05329999839887023,16.875599991180934,11.878599994815886,129.5354766845703,4.536199994618073,4.335599995101802,167.21477665868588,33.442955331737174,29.901663596428804,5,1671633,7
0.051700000767596066,15.970499996910803,12.18180000432767,129.5238800048828,3.213200005120598,5.527699991944246,166.46878000395373,33.293756000790744,30.035661941423776,5,1671481,8
0.07320000440813601,15.917999990051612,11.097299997345544,129.53814697265625,2.7910000062547624,4.461499993340112,163.87914696405642,32.77582939281128,30.51028817654664,5,1671668,9
0.06500000017695129,16.22450001013931,11.051999987103045,129.52944946289062,2.9240000003483146,4.343799999332987,164.13874945999123,32.827749891998245,30.462032983983157,5,1671554,10
0.05290000990498811,16.012600011890754,10.483999998541549,129.5031280517578,2.678899996681139,4.299200008972548,163.0307280777488,32.60614561554976,30.669065021997064,5,1671209,11
0.055900003644637764,15.45379999151919,11.625799990724772,129.4803924560547,2.888999995775521,4.548700002487749,164.05359244020656,32.81071848804131,30.477845231108702,5,1670911,12
0.0509000092279166,16.540600001462735,26.418800000101328,129.52052307128906,3.774799988605082,4.572499994537793,180.87812306522392,36.17562461304478,27.64292284367093,5,1671437,13
0.06489999941550195,16.85379999980796,10.882600006880239,129.4993896484375,3.0446000018855557,4.248099998221733,164.5933896546485,32.9186779309297,30.377890694705606,5,1671160,14
0.04980000085197389,15.622299993992783,14.283900003647432,129.54165649414062,2.805999989504926,4.43299999460578,166.73665647674352,33.3473312953487,29.987407122424827,5,1671714,15
0.052799994591623545,17.04940000490751,9.960399998817593,129.4566650390625,2.767800004221499,4.995999988750555,164.28306503035128,32.856613006070255,30.435273404938304,5,1670600,16
0.06720000237692147,18.788700006552972,11.585900007048622,129.49595642089844,2.6553999923635274,4.404100007377565,166.99725643661804,33.39945128732361,29.940611640513357,5,1671115,17
0.05909999890718609,15.611900002113543,10.244600009173155,129.45384216308594,2.6757999876281247,4.419099990627728,162.46434215153567,32.492868430307134,30.775984033076874,5,1670563,18
0.05910001345910132,15.771299993502907,12.448900000890717,129.5189971923828,3.3728000125847757,5.082599993329495,166.2536972061498,33.25073944122996,30.074519147686345,5,1671417,19
0.06779999239370227,16.057699991506524,10.94540000485722,129.54356384277344,2.79059998865705,5.333299995982088,164.73836381617002,32.947672763234,30.351157339279226,5,1671739,20
0.08579999848734587,36.4873000071384,27.06680000119377,257.0733947753906,6.246399992960505,10.715699987486005,337.67539476265665,33.76753947626567,29.61423945925566,10,3343298,1
0.07430001278407872,32.54159999778494,23.820899994461797,257.0267791748047,5.692499995348044,9.114500004216097,328.27057917939965,32.82705791793997,30.46267510477997,10,3342687,2
0.0830000062705949,33.29249999660533,25.494999994407408,257.0383758544922,5.789699993329123,8.651099997223355,330.349675842328,33.0349675842328,30.27095448028495,10,3342839,3
0.076299998909235,30.88469999784138,24.406199998338707,257.03623962402344,6.524199998239055,9.820299994316883,328.7479396116687,32.87479396116687,30.418441593314416,10,3342811,4
0.07410001126118004,32.85350000078324,23.672700001043268,257.1264190673828,5.681800001184456,9.029099994222634,328.4376190758776,32.84376190758776,30.447182110675758,10,3343993,5
0.07510000432375818,35.47310001158621,27.314999999362044,257.12184143066406,5.779299986897968,8.9668000000529,334.73114143288694,33.4731141432887,29.874722612281904,10,3343933,6
0.07559999357908964,31.86610000557266,22.43290000478737,257.0694274902344,5.640200004563667,8.704399995622225,325.7886274943594,32.57886274943594,30.694748545736566,10,3343246,7
0.09410000347997993,30.834100005449727,23.06989999487996,257.0425720214844,5.612699998891912,8.73850000789389,325.39187203207985,32.53918720320799,30.732175138702036,10,3342894,8
0.0779999973019585,31.84239999973215,26.46949999325443,257.0708770751953,5.825400003232062,9.202200002619065,330.488377071335,33.0488377071335,30.258250195109063,10,3343265,9
0.08170001092366874,32.23460000299383,28.46729999873787,257.0708770751953,10.918900006799959,11.34019999881275,340.1135770934634,34.01135770934634,29.401942978747933,10,3343265,10
0.11530000483617187,35.655399988172576,22.283100013737567,256.9684143066406,5.432399993878789,9.494000012637116,329.94861431990284,32.99486143199029,30.30774964947864,10,3341922,11
0.0906999921426177,33.73339999234304,25.59560000372585,257.0880432128906,6.251300001167692,9.217400001944043,331.97644320421387,33.19764432042139,30.12261925418769,10,3343490,12
0.08839998918119818,33.12559999176301,26.084800003445707,257.07225036621094,6.418699995265342,8.61340000119526,331.40315034706146,33.14031503470615,30.17472824119962,10,3343283,13
0.07309998909477144,36.50539999944158,24.303199999849312,257.04493713378906,5.654900000081398,8.675999997649342,332.25753711990546,33.22575371199055,30.09713515209495,10,3342925,14
0.07500000356230885,32.76630000618752,26.313899987144396,257.1013946533203,5.638100003125146,9.737500004121102,331.6321946574608,33.16321946574608,30.153887834469412,10,3343665,15
0.0737000082153827,31.062299996847287,23.44469999661669,257.07469177246094,5.826199994771741,8.863399998517707,326.34499176742975,32.63449917674298,30.64241907265583,10,3343315,16
0.07210001058410853,31.408299997565337,24.609700005385093,257.02899169921875,6.452200002968311,10.203700003330596,329.7749917190522,32.97749917190522,30.323706318274667,10,3342716,17
0.07599999662488699,32.25580000435002,26.228400005493313,257.062255859375,5.703200004063547,8.71549999283161,330.0411558627384,33.00411558627384,30.29925153988651,10,3343152,18
0.0833000085549429,32.709300008718856,26.098299989826046,257.03440856933594,6.576800005859695,8.796199996140786,331.29830857843626,33.12983085784363,30.184277254263304,10,3342787,19
0.07780001033097506,33.18379999836907,22.892099994351156,257.04722595214844,6.094899988966063,9.348600011435337,328.64442595560104,32.86444259556011,30.42802253810619,10,3342955,20
0.1703999878372997,78.0419999937294,70.0860999932047,639.5142669677734,14.136799989501014,22.51789999718312,824.467466929229,32.978698677169156,30.322603380717705,25,8356027,1
0.1588000013725832,93.4172999986913,76.46630000090227,639.4430847167969,13.453999999910593,22.277800002484582,845.2172847201582,33.80869138880633,29.57819303030133,25,8355094,2
0.17189999925903976,79.48849999229424,86.50089999719057,639.6953887939453,15.407600003527477,24.037300012423657,845.3015887986403,33.81206355194561,29.575243121843062,25,8358401,3
0.1455999881727621,82.12199999252334,73.28979999874718,639.5852203369141,13.612599999760278,22.286899999016896,831.0421203151345,33.24168481260538,30.08271107909657,25,8356957,4
0.1432999997632578,81.36029999877792,72.83610000740737,639.6607513427734,13.52490000135731,21.285900002112612,828.8112513521919,33.15245005408767,30.163683177819937,25,8357947,5
0.14050000754650682,85.64740000292659,81.90430000831839,639.6983642578125,15.089799999259412,24.805100008961745,847.2854642848251,33.891418571393004,29.505994205981036,25,8358440,6
0.2170999941881746,83.6435000092024,85.56590000807773,639.6882934570312,13.517800005502068,21.65219999733381,844.2847934713354,33.77139173885342,29.610861398096212,25,8358308,7
0.14480001118499786,80.27940000465605,70.77640001079999,639.5632476806641,13.544400004320778,21.38040000863839,825.6886477202643,33.02754590881057,30.277756717408288,25,8356669,8
0.1497999910498038,78.35559999512043,74.56660000025295,639.4895477294922,15.62049999483861,23.083799998858012,831.265847709612,33.25063390838448,30.074614599989324,25,8355703,9
0.15320000238716602,81.03449999180157,80.8921999996528,639.6506042480469,14.733199990587309,22.62870001140982,839.0924042438855,33.563696169755424,29.794096423179692,25,8357814,10
0.14399999054148793,82.213599991519,78.63679999718443,639.6164245605469,14.542899996740744,21.914600001764484,837.068324538297,33.48273298153188,29.866140274498242,25,8357366,11
0.14259999443311244,94.116699998267,107.35059999569785,639.57080078125,15.527800002018921,27.593799997703172,884.30230076937,35.3720920307748,28.27087521795345,25,8356768,12
0.15969999367371202,106.5589999925578,89.54060000542086,639.6618957519531,17.806499992730096,37.248900000122376,890.976595736458,35.639063829458316,28.05909843157626,25,8357962,13
0.2089000045089051,98.91469999274705,85.63069999217987,639.5700378417969,17.050000009476207,26.43759999773465,867.8119378384436,34.71247751353774,28.808084920184783,25,8356758,14
0.20670000230893493,101.38790000928566,89.56830001261551,639.5835418701172,16.58290000341367,27.996699995128438,875.3260418928694,35.013041675714774,28.56078627106554,25,8356935,15
0.16260000120382756,91.50829999998678,118.49570000777021,639.6323699951172,18.22159999574069,26.356699992902577,894.3772699927213,35.77509079970885,27.952409837297697,25,8357575,16
0.17010000010486692,98.76000000804197,78.7584999925457,639.7182769775391,14.533399997162633,23.760399999446236,855.7006769748405,34.22802707899362,29.215823561554874,25,8358701,17
0.148899998748675,92.86569998948835,76.66409999364987,639.5383758544922,15.157999994698912,22.674799998640083,847.0498758297181,33.88199503318872,29.514200654963243,25,8356343,18
0.1483000087318942,83.73699999356177,84.99730000039563,639.6898956298828,15.397199997096322,25.175799994030967,849.1454956236994,33.96581982494798,29.44136208558398,25,8358329,19
0.17449998995289207,93.22080000129063,84.11370000976603,639.68798828125,15.759300003992394,24.39089999825228,857.3471882845042,34.29388753138017,29.159715389075185,25,8358304,20
0.2781999937724322,186.49640001240186,204.30659998964984,1277.3947448730469,31.508000000030734,46.62159999134019,1746.605544860242,34.932110897204836,28.626955953011617,50,16716854,1
0.29599999834317714,171.2693000008585,197.99210000201128,1277.3507232666016,28.205099995830096,44.23499999393243,1719.348223257577,34.38696446515154,29.080787314431912,50,16716277,2
0.25370001094415784,172.84290000679903,211.8765000050189,1277.1724243164062,29.347399991820566,44.55730000336189,1736.0502243343508,34.721004486687015,28.801010073986408,50,16713940,3
0.25499999173916876,167.35829999379348,195.32020000042394,1277.2162170410156,27.985499997157604,45.913599999039434,1714.0488170231692,34.28097634046338,29.170697767427786,50,16714514,4
0.33830000029411167,168.16990000370424,254.80809999862686,1277.3060913085938,26.55179999419488,45.10649999429006,1772.280691299704,35.44561382599408,28.21223536737425,50,16715692,5
0.2488999889465049,167.05139999976382,179.99750000308268,1277.240478515625,27.752399997552857,43.13429999456275,1695.4249784995336,33.908499569990674,29.491130916479978,50,16714832,6
0.28029999521095306,158.4082000044873,250.35360000038054,1277.3173828125,27.315499988617375,42.80099998868536,1756.4759827898815,35.12951965579763,28.466088059218997,50,16715840,7
0.262100002146326,164.18249999696855,186.3990000128979,1277.255126953125,28.73770000587683,44.913899997482076,1701.7503269684967,34.03500653936993,29.38151337926884,50,16715024,8
0.27469999622553587,160.90600000461563,182.57039999298286,1277.1945495605469,25.910600001225248,73.31110000086483,1720.167349556461,34.40334699112922,29.066939337554757,50,16714230,9
0.526099989656359,178.75409999396652,199.29610000690445,1277.2320861816406,26.57800000451971,42.38440000335686,1724.7707861800445,34.49541572360089,28.9893592821908,50,16714722,10
0.2564000023994595,165.21150000335183,186.87859999772627,1277.2031707763672,27.823500000522472,43.27219999686349,1700.6453707772307,34.01290741554462,29.40060335868197,50,16714343,11
0.2663000050233677,183.87849999999162,186.3392999948701,1277.2124786376953,27.350100004696287,42.298200001823716,1717.3448786441004,34.34689757288201,29.11471109954142,50,16714465,12
0.2592999953776598,154.98780000780243,192.98009999329224,1277.3832244873047,27.26020000409335,43.00099999818485,1695.8716244860552,33.91743248972111,29.48336376295748,50,16716703,13
0.3192000003764406,161.69140000420157,236.7977000103565,1277.1483917236328,29.542600008426234,42.88359999191016,1748.3828917389037,34.96765783477807,28.59785475838824,50,16713625,14
0.264899994363077,159.56880000885576,179.557700001169,1277.20263671875,27.718899989849888,47.439400004805066,1691.7523367177928,33.835046734355856,29.555153502554717,50,16714336,15
0.3228999994462356,158.03690000029746,238.46939999202732,1276.9993133544922,32.02740001142956,45.44400000304449,1751.2999133607373,35.025998267214746,28.550221249112155,50,16711671,16
0.25430000096093863,159.29700000560842,186.89769999764394,1277.2726745605469,27.083199995104223,43.39950000576209,1694.2043745656265,33.88408749131253,29.512378052275658,50,16715254,17
0.2570000069681555,164.3874000001233,189.84839999757241,1277.2536010742188,26.035099988803267,44.74869999103248,1702.5302010587184,34.050604021174365,29.368054657067173,50,16715004,18
0.33560000883881,175.60960000264458,178.13610000303015,1277.1417541503906,25.94680000038352,42.642799991881475,1699.8126541571692,33.99625308314339,29.415006340679273,50,16713538,19
0.2578999992692843,166.2607000034768,183.06250000023283,1277.2613067626953,28.051499990397133,45.905899998615496,1700.7998067546869,34.01599613509374,29.397933725901286,50,16715105,20
0.596800004132092,358.08380000526085,505.2904999902239,2552.4525756835938,71.8497999914689,87.91719999862835,3576.190675673308,35.761906756733076,27.962714818379332,100,33429292,1
0.5385000113165006,360.5359000066528,511.1241999984486,2552.5960845947266,66.47750000411179,88.15920000779442,3579.4313846230507,35.79431384623051,27.937398221849413,100,33431173,2
0.6193000008352101,365.33570000028703,510.2368999941973,2552.6336975097656,58.62550000892952,85.04389999143314,3572.494997505448,35.72494997505448,27.991641715335252,100,33431666,3
0.49310000031255186,383.18940000317525,523.2662999915192,2552.4589080810547,54.15809999976773,90.23479999450501,3603.8006080703344,36.03800608070335,27.748483025409467,100,33429375,4
0.4741000011563301,372.3454999999376,518.7533000134863,2552.596160888672,57.69239999062847,97.50570000323933,3599.36716089712,35.9936716089712,27.782661654076886,100,33431174,5
0.5345000099623576,350.2417000127025,501.21719999879133,2552.5426025390625,54.30939998768736,97.607000003336,3556.452402551542,35.56452402551542,28.117907589106487,100,33430472,6
0.8498000097461045,350.18560000753496,495.7717000070261,2552.3861236572266,54.7523999994155,90.7050999958301,3544.6507236767793,35.44650723676779,28.211524292659348,100,33428421,7
0.6670000002486631,370.3562000009697,516.2257000047248,2552.4370880126953,54.688400006853044,123.38789999193978,3617.7622880174313,36.17762288017431,27.641395989784883,100,33429089,8
0.6655000033788383,330.679799997597,533.5477000044193,2552.591506958008,67.6785999967251,107.9091999999946,3593.0723069601227,35.93072306960123,27.831335263220417,100,33431113,9
0.4980000085197389,317.3154000105569,505.0371000106679,2552.622024536133,72.24809999752324,123.79209999926388,3571.5127245626645,35.71512724562665,27.9993402549742,100,33431513,10
0.5369999998947605,395.7847999990918,619.302000006428,2552.4595947265625,58.9785999909509,86.08900000399444,3713.1509947269224,37.13150994726922,26.931304474827677,100,33429384,11
0.483900003018789,321.79099999484606,584.1196999972453,2552.3084564208984,61.126500004320405,91.72939999552909,3611.558956415858,36.11558956415858,27.68887375418643,100,33427403,12
0.46919999294914305,312.49909999314696,602.776100000483,2552.2871704101562,56.56650000310037,87.4896000023,3612.0876704021357,36.120876704021356,27.684820836274703,100,33427124,13
0.47759999870322645,320.726799996919,606.1036999890348,2552.5223846435547,56.25759999384172,88.53079999971669,3624.61888462177,36.2461888462177,27.589107485002533,100,33430207,14
0.4786000063177198,325.624200006132,606.6484999901149,2552.3118896484375,57.96220000775065,87.4004000070272,3630.42578966578,36.3042578966578,27.544978411252988,100,33427448,15
0.4757999995490536,328.5584000113886,576.5840000094613,2552.263137817383,59.11000000196509,89.16010000393726,3606.151437843684,36.06151437843684,27.730393945905803,100,33426809,16
0.46529999235644937,317.7276000060374,599.9830999935511,2552.587921142578,53.854999991017394,85.80529999744613,3610.4242211229866,36.10424221122987,27.697576205849845,100,33431066,17
0.4656000091927126,335.969899999327,577.2560000041267,2552.3711700439453,55.088099994463846,98.81440000026487,3619.9651700513205,36.19965170051321,27.62457518302097,100,33428225,18
0.5126000032760203,336.6001999966102,535.5196000018623,2552.5943298339844,53.12689999118447,88.92029999697115,3567.2739298238885,35.67273929823889,28.032610325761233,100,33431150,19
0.49530000251252204,371.544299996458,526.2160999991465,2552.3820037841797,53.40920000162441,84.97729999362491,3589.024203777546,35.89024203777546,27.86272655802858,100,33428367,20
1.1283000058028847,849.5658000028925,2759.8565999942366,6378.341400146484,146.00160000554752,225.66149999329355,10360.555200148257,41.44222080059303,24.129980987546165,250,83575982,1
1.1471000034362078,829.8361000051955,2762.2027000033995,6378.199188232422,175.23500000243075,232.16520001005847,10378.785288256942,41.51514115302777,24.08759725310649,250,83574118,2
1.6243999998550862,838.584000011906,2820.2367999911075,6378.264572143555,192.04150000587106,223.065600002883,10453.816872155177,41.81526748862071,23.914710106114526,250,83574975,3
1.707999996142462,856.4227000024403,2767.835299993749,6377.968856811523,222.13969999575056,265.36510000005364,10491.43965679966,41.96575862719864,23.828950856898963,250,83571099,4
2.762299991445616,922.5291000038851,3039.776299992809,6377.958099365234,273.3396999974502,263.45269999001175,10879.818199340836,43.51927279736334,22.97832513553825,250,83570958,5
1.3848999951733276,895.7476000068709,2923.6558999982662,6378.072998046875,201.43000000098255,241.68920000374783,10641.980598051916,42.56792239220766,23.491867674121124,250,83572464,6
1.6348000062862411,859.755600002245,2935.934699999052,6378.151275634766,208.62510000006296,234.52899999392685,10618.630475636339,42.474521902545355,23.54352574690366,250,83573490,7
1.6975000035017729,888.9600999973482,2821.5711999946507,6378.186294555664,200.67249999556225,287.4539000040386,10578.541494550765,42.314165978203064,23.632747494423533,250,83573949,8
1.3958000054117292,891.9689000031212,2947.1243000007235,6378.067886352539,300.28300000412855,245.2882000070531,10764.128086372977,43.05651234549191,23.22529033415085,250,83572397,9
1.4267999940784648,891.875200002687,3054.820999997901,6378.451873779297,226.27769999962766,261.6226999962237,10814.475273769815,43.257901095079255,23.11716414076673,250,83577430,10
1.8595000001369044,847.6123000000371,3000.4237000102876,6378.350631713867,195.82039999659173,263.39520000328775,10687.461731724208,42.749846926896836,23.391896623864447,250,83576103,11
1.330599989159964,877.147999999579,2876.087600001483,6378.410675048828,194.62779999594204,227.74909999861848,10555.35377503361,42.22141510013444,23.68466328351026,250,83576890,12
1.2940000015078112,857.5631999992765,2958.0286999989767,6378.162338256836,146.34880000085104,235.71280000032857,10577.109838257777,42.308439353031105,23.63594628617179,250,83573635,13
1.3026999949943274,876.2317000073381,2858.291199998348,6378.46369934082,137.453799994546,227.07700000319164,10478.820099339238,41.91528039735695,23.85764786779422,250,83577585,14
1.720300002489239,844.5404000085546,2828.632499993546,6378.2786865234375,143.77790001162793,240.3764000046067,10437.326186544262,41.749304746177046,23.952494684155653,250,83575160,15
1.2983000051463023,853.7939000088954,2868.274000007659,6377.988845825195,146.07689999684226,239.19829999795184,10486.63024584169,41.94652098336676,23.839879364406276,250,83571361,16
1.5803999995114282,870.821699994849,2842.467400012538,6378.172561645508,148.71820001280867,261.0624000080861,10502.8226616733,42.011290646693205,23.803124936336896,250,83573769,17
1.659100002143532,856.1841999908211,2781.688100003521,6377.942687988281,143.23510001122486,284.42129999166355,10445.130487987655,41.78052195195062,23.934598068210892,250,83570756,18
1.6118000057758763,835.590200003935,2784.8397999914596,6377.964660644531,136.28020000760444,282.97899999597576,10419.265660649282,41.67706264259713,23.99401341153836,250,83571044,19
1.340999995591119,844.6259000047576,2805.020699990564,6378.166076660156,197.28730000497308,237.21669999940787,10463.65767665545,41.8546307066218,23.89221892816248,250,83573684,20
2.5892999983625486,1660.3529999993043,10170.075700007146,12754.205200195312,543.4995999967214,453.78700000583194,25584.50980020268,51.169019600405356,19.543075239848413,500,167145704,1
3.0486000032396987,1657.2133000008762,10212.528900010511,12754.109985351562,491.9996000098763,470.77539999736473,25589.67578537343,51.17935157074686,19.53912992855464,500,167144456,2
2.5827999925240874,1652.7451000001747,10074.760199990124,12754.445220947266,572.2974000091199,433.2674000033876,25490.098120942595,50.98019624188519,19.61545999657025,500,167148850,3
2.582999994046986,1614.0187999990303,9934.499299997697,12754.052612304688,489.2479000118328,440.95499999821186,25235.356612305506,50.47071322461101,19.81347074588933,500,167143704,4
2.653699993970804,1630.7429000007687,9963.826299994253,12754.257461547852,452.00459999614395,435.46880000212695,25238.953761535115,50.47790752307023,19.8106468566068,500,167146389,5
2.605700006824918,1591.1801000038395,10320.476900000358,12754.341537475586,568.5031000029994,447.44240000727586,25684.549737496884,51.36909947499377,19.46695601480799,500,167147491,6
3.513899995596148,1631.9229000073392,10068.681999997352,12753.94694519043,381.1291000019992,498.9143000129843,25338.1091452057,50.6762182904114,19.733122039006076,500,167142319,7
2.5421000027563423,1680.1908000052208,10065.422899991972,12754.740783691406,505.03570000000764,460.86510000168346,25468.797383693047,50.937594767386095,19.631865316111703,500,167152724,8
4.267399999662302,1733.933600000455,10015.444400007254,12754.286148071289,497.578299997258,449.1037999978289,25454.613648073748,50.9092272961475,19.6428045191657,500,167146765,9
2.597700004116632,1673.9306000090437,10169.488700004877,12753.866149902344,398.3645999978762,474.0621000091778,25472.309849927435,50.94461969985487,19.629158209278945,500,167141260,10
2.624800006742589,1677.259399992181,10247.66290000116,12754.308654785156,412.18270000535995,447.9362999991281,25541.974754789728,51.083949509579455,19.57562031910779,500,167147060,11
2.4945000041043386,1591.8494000070496,10087.521199995535,12754.362365722656,487.9957000084687,456.45699999295175,25380.680165730766,50.76136033146153,19.70002366899153,500,167147764,12
2.994900001795031,1609.2119999957504,10098.388900005375,12754.626342773438,394.302400003653,540.0886000134051,25399.613142793416,50.79922628558683,19.685339189579903,500,167151224,13
3.671300000860356,1651.4056000014534,10174.385499994969,12754.178192138672,422.60649999661837,460.9939000074519,25467.240992140025,50.93448198428005,19.63306508758901,500,167145350,14
2.733400004217401,1637.2067999909632,10009.932799992384,12753.986770629883,605.4903999902308,462.81830000225455,25472.168470609933,50.944336941219866,19.629267157874896,500,167142841,15
3.3013999927788973,1673.6243000050308,10079.678299996885,12753.888961791992,572.8027000004658,444.64579998748377,25527.941461774637,51.05588292354928,19.58638148511491,500,167141559,16
2.4818999954732135,1604.3273999966914,10206.318800002919,12754.318420410156,388.74080000096,493.6631999880774,25449.850520394277,50.89970104078856,19.64648081525368,500,167147188,17
2.8353000088827685,1658.8553000037791,10088.901399998576,12753.741638183594,435.5157000100007,456.9813999987673,25396.8307382036,50.7936614764072,19.687495859389525,500,167139628,18
2.8708000027108938,1689.3572000117274,10143.880500007072,12753.847229003906,606.7848000093363,456.2234000040917,25652.963929038844,51.30592785807769,19.490925157151377,500,167141012,19
3.343199990922585,1700.7360999996308,10160.901099996408,12754.3876953125,612.136100011412,447.02579999284353,25678.529995303717,51.35705999060743,19.471519595998828,500,167148096,20
