data_size,trial,preprocessing_time_ms,encryption_time_ms,serialization_time_ms,deserialization_time_ms,decryption_time_ms,total_delay_ms,encryption_only_ms,decryption_only_ms,ciphertext_size_bytes,ciphertext_size_kb,ciphertext_size_mb,overhead_ratio,throughput_elements_per_sec
100,0,0.002200016751885414,3.3844999852590263,2.687099971808493,1.192099996842444,0.9184000082314014,8.18429997889325,3.3844999852590263,0.9184000082314014,334331,326.4951171875,0.31884288787841797,417.91375,12218.515970564758
100,1,0.000600004568696022,3.104100003838539,1.9709999905899167,0.7713999948464334,0.8595999679528177,6.706699961796403,3.104100003838539,0.8595999679528177,334154,326.322265625,0.31867408752441406,417.6925,14910.462756591663
100,2,0.000300002284348011,3.026599995791912,2.1830000332556665,0.6186999962665141,0.8317999891005456,6.660400016698986,3.026599995791912,0.8317999891005456,334301,326.4658203125,0.3188142776489258,417.87625,15014.113228827027
100,3,0.000200001522898674,2.9598999535664916,2.4677999899722636,0.6899000145494938,1.1131999781355262,7.230999937746674,2.9598999535664916,1.1131999781355262,334463,326.6240234375,0.3189687728881836,418.07875,13829.345991000248
100,4,0.000400003045797348,3.9461000123992562,2.202700008638203,0.5707999807782471,0.8284000214189291,7.548400026280433,3.9461000123992562,0.8284000214189291,334432,326.59375,0.318939208984375,418.04,13247.840555858329
100,5,0.000300002284348011,2.9762000194750726,2.13789998088032,0.6356000085361302,1.073499966878444,6.823499978054315,2.9762000194750726,1.073499966878444,334384,326.546875,0.3188934326171875,417.98,14655.235630046045
100,6,0.000200001522898674,3.7069999962113798,2.1180000039748847,0.5566999898292124,0.8455999777652323,7.227499969303608,3.7069999962113798,0.8455999777652323,334375,326.5380859375,0.31888484954833984,417.96875,13836.042950496934
100,7,0.000300002284348011,3.039299976080656,1.9924999796785414,0.5243000341579318,1.1143999872729182,6.6707999794743955,3.039299976080656,1.1143999872729182,334508,326.66796875,0.3190116882324219,418.135,14990.705808552691
100,8,0.000500003807246685,3.9323000237345695,2.244399976916611,0.5872999900020659,0.8505000150762498,7.615000009536743,3.9323000237345695,0.8505000150762498,334556,326.71484375,0.3190574645996094,418.195,13131.976345996549
100,9,0.000300002284348011,2.9516000067815185,1.9734000088647008,0.7101999945007265,0.8147000335156918,6.4502000459469855,2.9516000067815185,0.8147000335156918,334347,326.5107421875,0.31885814666748047,417.93375,15503.395133122342
100,10,0.000200001522898674,3.5183000145480037,2.27870000526309,0.7230999763123691,0.826900009997189,7.347200007643551,3.5183000145480037,0.826900009997189,334368,326.53125,0.318878173828125,417.96,13610.627163540734
100,11,0.000200001522898674,2.9638000414706767,1.6347999917343259,0.6380999693647027,0.8091999916359782,6.046099995728582,2.9638000414706767,0.8091999916359782,334070,326.240234375,0.31859397888183594,417.5875,16539.587514372488
100,12,0.000200001522898674,2.9442000086419284,3.040999989025295,1.140100008342415,0.956099946051836,8.081599953584373,2.9442000086419284,0.956099946051836,334305,326.4697265625,0.3188180923461914,417.88125,12373.787439905105
100,13,0.000500003807246685,3.873899986501783,1.7884999979287386,0.6764999707229435,0.8237000438384712,7.163100002799183,3.873899986501783,0.8237000438384712,334179,326.3466796875,0.3186979293823242,417.72375,13960.436118569081
100,14,0.000300002284348011,2.946800028439611,2.191399980802089,0.6850999779999256,0.8190000080503523,6.642599997576326,2.946800028439611,0.8190000080503523,334320,326.484375,0.3188323974609375,417.9,15054.346195237833
100,15,0.000200001522898674,2.9532999615184963,1.9870000542141497,0.6929000373929739,0.8108000038191676,6.444200058467686,2.9532999615184963,0.8108000038191676,334411,326.5732421875,0.31891918182373047,418.01375,15517.829845862698
100,16,0.000200001522898674,2.932800038252026,1.8773999763652682,0.527299998793751,0.8061000262387097,6.143800041172653,2.932800038252026,0.8061000262387097,334542,326.701171875,0.3190441131591797,418.1775,16276.571393901228
100,17,0.000100000761449337,3.7022000178694725,2.2536999895237386,0.9528999798931181,1.0495000169612467,7.958400005009025,3.7022000178694725,1.0495000169612467,334437,326.5986328125,0.31894397735595703,418.04625,12565.339758878656
100,18,0.000300002284348011,3.5865000099875033,2.028399962000549,0.7735000108368695,0.8261000039055943,7.214799989014864,3.5865000099875033,0.8261000039055943,334420,326.58203125,0.3189277648925781,418.025,13860.398091736202
100,19,0.000200001522898674,3.4735999652184546,2.4301999947056174,0.9003999875858426,0.8711999980732799,7.675599947106093,3.4735999652184546,0.8711999980732799,334440,326.6015625,0.31894683837890625,418.05,13028.29755186794
300,0,0.00100000761449337,3.0049000051803887,2.146099985111505,0.8416000055149198,0.8709999965503812,6.864599999971688,3.0049000051803887,0.8709999965503812,334347,326.5107421875,0.31885814666748047,139.31125,43702.47356018374
300,1,0.000200001522898674,3.2412000000476837,2.354700001887977,0.6475999834947288,0.9145000367425382,7.1582000236958265,3.2412000000476837,0.9145000367425382,334410,326.572265625,0.31891822814941406,139.3375,41909.977229877404
300,2,0.000200001522898674,3.050200000870973,1.6089000273495913,0.48069999320432544,0.8146999753080308,5.954699998255819,3.050200000870973,0.8146999753080308,334134,326.302734375,0.31865501403808594,139.2225,50380.371821900764
300,3,0.000100000761449337,2.9587000026367605,2.089899964630604,0.5212000105530024,0.8206000202335417,6.390499998815358,2.9587000026367605,0.8206000202335417,334444,326.60546875,0.3189506530761719,139.35166666666666,46944.68352329437
300,4,0.000200001522898674,2.9608000186271966,1.8319999799132347,0.501000031363219,0.8163999882526696,6.1104000196792185,2.9608000186271966,0.8163999882526696,334521,326.6806640625,0.31902408599853516,139.38375,49096.62199427482
300,5,0.000100000761449337,2.9418000485748053,2.000999986194074,0.4957999917678535,0.8152999798767269,6.254000007174909,2.9418000485748053,0.8152999798767269,334443,326.6044921875,0.31894969940185547,139.35125,47969.2995931923
300,6,0.000200001522898674,3.0417999951168895,1.8419999978505075,0.5182999884709716,0.8228000369854271,6.225100019946694,3.0417999951168895,0.8228000369854271,334530,326.689453125,0.3190326690673828,139.3875,48191.99676129363
300,7,0.000200001522898674,2.9654999962076545,1.5596000012010336,0.4873999860137701,0.8095999946817756,5.822299979627132,2.9654999962076545,0.8095999946817756,334185,326.3525390625,0.31870365142822266,139.24375,51526.029412729156
300,8,0.000200001522898674,2.960100013297051,1.9684999715536833,0.506000011228025,0.8718000026419759,6.306600000243634,2.960100013297051,0.8718000026419759,334392,326.5546875,0.31890106201171875,139.33,47569.21320337591
300,9,0.000200001522898674,2.9956999933347106,1.598200004082173,0.5570999928750098,0.8422000100836158,5.993400001898408,2.9956999933347106,0.8422000100836158,334053,326.2236328125,0.31857776641845703,139.18875,50055.06055076836
300,10,0.000200001522898674,2.9941999819129705,2.057800011243671,0.5207999492995441,0.818300002720207,6.3912999466992915,2.9941999819129705,0.818300002720207,334405,326.5673828125,0.31891345977783203,139.33541666666667,46938.80783281519
300,11,0.000200001522898674,3.318999952170998,2.900600025895983,0.6078999722376466,1.0733000235632062,7.900999975390732,3.318999952170998,1.0733000235632062,334427,326.5888671875,0.31893444061279297,139.34458333333333,37969.87734899518
300,12,0.000300002284348011,3.4251000033691525,1.6003000200726092,0.5355000030249357,0.8470999891869724,6.408300017938018,3.4251000033691525,0.8470999891869724,334064,326.234375,0.3185882568359375,139.19333333333333,46814.28758957048
300,13,0.000200001522898674,3.2695000409148633,2.1926999907009304,0.6210999563336372,1.1146999895572662,7.198199979029596,3.2695000409148633,1.1146999895572662,334427,326.5888671875,0.31893444061279297,139.34458333333333,41677.08605956841
300,14,0.000300002284348011,4.083299951162189,2.52909999107942,0.7055000169202685,0.9760999819263816,8.294299943372607,4.083299951162189,0.9760999819263816,334401,326.5634765625,0.3189096450805664,139.33375,36169.41779875093
300,15,0.000300002284348011,3.354600048623979,2.542199974413961,0.6569999968633056,1.0310999932698905,7.585200015455484,3.354600048623979,1.0310999932698905,334299,326.4638671875,0.31881237030029297,139.29125,39550.70392194335
300,16,0.000300002284348011,3.168500028550625,1.9061999628320336,0.5030000465922058,0.8155999821610749,6.393600022420287,3.168500028550625,0.8155999821610749,334464,326.625,0.3189697265625,139.36,46921.92175738192
300,17,0.000100000761449337,2.951499947812408,2.365600026678294,0.7900999626144767,0.9418000117875636,7.049099949654192,2.951499947812408,0.9418000117875636,334430,326.591796875,0.3189373016357422,139.34583333333333,42558.62480921655
300,18,0.000200001522898674,3.2737000146880746,0.7737999549135566,0.609499984420836,0.8177000563591719,5.474900011904538,3.2737000146880746,0.8177000563591719,333313,325.5009765625,0.3178720474243164,138.88041666666666,54795.521260239395
300,19,0.000100000761449337,2.9706000350415707,2.1184999495744705,0.6759000243619084,0.8172999951057136,6.582400004845113,2.9706000350415707,0.8172999951057136,334360,326.5234375,0.31887054443359375,139.31666666666666,45576.08163879113
500,0,0.001400010660290718,3.68019996676594,1.9094000454060733,0.6157999741844833,0.8648000075481832,7.071600004564971,3.68019996676594,0.8648000075481832,334123,326.2919921875,0.31864452362060547,83.53075,70705.35659217605
500,1,0.000200001522898674,3.0328999855555594,1.8018000409938395,0.5368999554775655,1.0452000424265862,6.417000025976449,3.0328999855555594,1.0452000424265862,334477,326.6376953125,0.3189821243286133,83.61925,77918.02991677828
500,2,0.000200001522898674,3.560099983587861,2.0457000355236232,0.5416999920271337,0.8791000000201166,7.026800012681633,3.560099983587861,0.8791000000201166,334338,326.501953125,0.3188495635986328,83.5845,71156.14491626684
500,3,0.000100000761449337,2.9993000207468867,2.047699992544949,0.5099999834783375,0.8363000233657658,6.3934000208973885,2.9993000207468867,0.8363000233657658,334282,326.447265625,0.31879615783691406,83.5705,78205.64932050336
500,4,0.000200001522898674,3.0150999664328992,1.6823000041767955,0.5046000005677342,0.9673999738879502,6.169599946588278,3.0150999664328992,0.9673999738879502,334246,326.412109375,0.31876182556152344,83.5615,81042.53182193679
500,5,0.000400003045797348,3.5396000021137297,2.228099969215691,0.6498000002466142,0.8375000325031579,7.25540000712499,3.5396000021137297,0.8375000325031579,334302,326.466796875,0.3188152313232422,83.5755,68914.18798536084
500,6,0.000100000761449337,3.0262000509537756,1.8371999613009393,0.5796999903395772,0.9312999900430441,6.374499993398786,3.0262000509537756,0.9312999900430441,334145,326.3134765625,0.3186655044555664,83.53625,78437.52459295363
500,7,0.000200001522898674,3.7472000112757087,2.2891999687999487,0.6780999829061329,1.187100016977638,7.901799981482327,3.7472000112757087,1.187100016977638,334159,326.3271484375,0.3186788558959961,83.53975,63276.72190788651
500,8,0.000400003045797348,3.1296000233851373,1.782100007403642,0.5275000003166497,0.8853000472299755,6.324900081381202,3.1296000233851373,0.8853000472299755,334436,326.59765625,0.3189430236816406,83.609,79052.6322260592
500,9,0.000300002284348011,3.244200022891164,2.382499980740249,0.652400020044297,0.9686999837867916,7.2481000097468495,3.244200022891164,0.9686999837867916,334443,326.6044921875,0.31894969940185547,83.61075,68983.59560817694
500,10,0.000400003045797348,4.4122000108473,2.8981000068597496,0.8369000279344618,1.3345999759621918,9.4822000246495,4.4122000108473,1.3345999759621918,334383,326.5458984375,0.3188924789428711,83.59575,52730.37888888892
500,11,0.000800006091594696,4.717200004961342,2.534499973990023,0.8870000019669533,0.9306999854743481,9.07019997248426,4.717200004961342,0.9306999854743481,334101,326.2705078125,0.31862354278564453,83.52525,55125.57622950111
500,12,0.000300002284348011,3.251000016462058,2.4560000165365636,0.7633999921381474,1.1116999667137861,7.582399994134903,3.251000016462058,1.1116999667137861,334390,326.552734375,0.31889915466308594,83.5975,65942.18194592178
500,13,0.000600004568696022,4.1173999779857695,2.471800020430237,0.7705999887548387,0.9166999952867627,8.277099987026304,4.1173999779857695,0.9166999952867627,334345,326.5087890625,0.31885623931884766,83.58625,60407.63078659316
500,14,0.000400003045797348,3.3634999999776483,1.9253999926149845,0.5739000043831766,1.1763999937102199,7.0395999937318265,3.3634999999776483,1.1763999937102199,334224,326.390625,0.3187408447265625,83.556,71026.76294749817
500,15,0.000500003807246685,5.212000047322363,2.368000044953078,0.6237000343389809,0.8567000040784478,9.060900134500116,5.212000047322363,0.8567000040784478,334526,326.685546875,0.3190288543701172,83.6315,55182.15547881487
500,16,0.000300002284348011,3.0386000289581716,1.6805000486783683,0.5277000018395483,0.8371999720111489,6.084300053771585,3.0386000289581716,0.8371999720111489,334177,326.3447265625,0.3186960220336914,83.54425,82178.72155895007
500,17,0.000300002284348011,3.125100047327578,1.7106999875977635,0.5486999871209264,0.8444999693892896,6.229299993719906,3.125100047327578,0.8444999693892896,334281,326.4462890625,0.31879520416259766,83.57025,80265.84054453584
500,18,0.000300002284348011,3.0222999630495906,1.651099999435246,0.5345999961718917,0.8399999933317304,6.048299954272807,3.0222999630495906,0.8399999933317304,334199,326.3662109375,0.31871700286865234,83.54975,82667.85770880563
500,19,0.000200001522898674,2.980199991725385,2.1203000214882195,0.5377000197768211,0.8361000218428671,6.474500056356192,2.980199991725385,0.8361000218428671,334373,326.5361328125,0.31888294219970703,83.59325,77226.03994869634
1000,0,0.11779996566474438,3.0518000130541623,2.1080999867990613,0.7147000287659466,0.8367999689653516,6.829199963249266,3.0518000130541623,0.8367999689653516,334264,326.4296875,0.31877899169921875,41.783,146430.03651692896
1000,1,0.000200001522898674,3.0264999950304627,2.0735000143758953,0.6273000035434961,0.8538999827578664,6.581399997230619,3.0264999950304627,0.8538999827578664,334304,326.46875,0.318817138671875,41.788,151943.35558099934
1000,2,0.000100000761449337,3.0459999688901007,2.0176999969407916,0.7062000222504139,0.8355999598279595,6.605599948670715,3.0459999688901007,0.8355999598279595,334458,326.619140625,0.31896400451660156,41.80725,151386.7033684406
1000,3,0.000200001522898674,3.0396999791264534,1.6883999924175441,0.673700007610023,0.8385000401176512,6.2405000207945704,3.0396999791264534,0.8385000401176512,334236,326.40234375,0.3187522888183594,41.7795,160243.56969278163
1000,4,0.000100000761449337,3.4955000155605376,2.5544000091031194,0.6493999972008169,0.9025000035762787,7.601900026202202,3.4955000155605376,0.9025000035762787,334356,326.51953125,0.3188667297363281,41.7945,131546.06039979527
1000,5,0.000400003045797348,3.0952999950386584,1.390000048559159,0.5715000443160534,0.8722000056877732,5.929400096647441,3.0952999950386584,0.8722000056877732,333808,325.984375,0.3183441162109375,41.726,168651.12552708542
1000,6,0.000300002284348011,3.405099967494607,2.684400009457022,0.7488999981433153,1.1478000087663531,7.986499986145645,3.405099967494607,1.1478000087663531,334374,326.537109375,0.31888389587402344,41.79675,125211.29427593084
1000,7,0.000500003807246685,3.3289999701082706,1.5963000478222966,0.532899983227253,0.8431999594904482,6.301899964455515,3.3289999701082706,0.8431999594904482,334093,326.2626953125,0.3186159133911133,41.761625,158682.30305785252
1000,8,0.000300002284348011,3.0756000196561217,2.065099950414151,0.7038000039756298,1.0748000349849463,6.919600011315197,3.0756000196561217,1.0748000349849463,334369,326.5322265625,0.3188791275024414,41.796125,144517.02386911982
1000,9,0.000300002284348011,3.6609999951906502,2.2293999791145325,0.5678000161424279,0.8393999887630343,7.297899981494993,3.6609999951906502,0.8393999887630343,334355,326.5185546875,0.3188657760620117,41.794375,137025.72007504376
1000,10,0.000300002284348011,3.024500038009137,1.877899980172515,0.8371999720111489,1.0767000494524837,6.816600041929632,3.024500038009137,1.0767000494524837,334442,326.603515625,0.31894874572753906,41.80525,146700.70032698024
1000,11,0.000300002284348011,3.3839999814517796,1.9253999926149845,0.6890000076964498,0.8343000081367791,6.832999992184341,3.3839999814517796,0.8343000081367791,334476,326.63671875,0.3189811706542969,41.8095,146348.60253824247
1000,12,0.000300002284348011,3.0294000171124935,2.0974999642930925,0.6704000406898558,0.8347000111825764,6.632300035562366,3.0294000171124935,0.8347000111825764,334375,326.5380859375,0.31888484954833984,41.796875,150777.25595012348
1000,13,0.000200001522898674,3.236300020944327,1.8969000084325671,0.7211999618448317,1.1137999827042222,6.968399975448847,3.236300020944327,1.1137999827042222,334452,326.61328125,0.3189582824707031,41.8065,143504.96577739686
1000,14,0.000500003807246685,3.6143999896012247,2.132900001015514,0.665400002617389,0.8688999805599451,7.2820999776013196,3.6143999896012247,0.8688999805599451,334264,326.4296875,0.31877899169921875,41.783,137323.0253739793
1000,15,0.000200001522898674,3.1423000036738813,1.5473999665118754,0.6923000328242779,0.851699966005981,6.233899970538914,3.1423000036738813,0.851699966005981,334063,326.2333984375,0.3185873031616211,41.757875,160413.2252243295
1000,16,0.000200001522898674,3.0341999954544008,1.0338000138290226,0.4962999955751002,0.832499994430691,5.397000000812113,3.0341999954544008,0.832499994430691,333628,325.80859375,0.3181724548339844,41.7035,185288.12300343247
1000,17,0.000300002284348011,2.9961999971419573,1.6180999809876084,0.5915999645367265,1.0909000411629677,6.297099986113608,2.9961999971419573,1.0909000411629677,334080,326.25,0.318603515625,41.76,158803.258993061
1000,18,0.000300002284348011,3.459200030192733,2.1583999623544514,0.6024999893270433,1.0523000382818282,7.272700022440404,3.459200030192733,1.0523000382818282,334338,326.501953125,0.3188495635986328,41.79225,137500.51520266655
1000,19,0.000300002284348011,3.39890003670007,1.7298999591730535,0.47850003466010094,0.8230999810621142,6.430700013879687,3.39890003670007,0.8230999810621142,334165,326.3330078125,0.31868457794189453,41.770625,155504.06609570535
2000,0,0.004600035026669502,3.103499999269843,1.9425999489612877,0.7759000291116536,0.8577000116929412,6.684300024062395,3.103499999269843,0.8577000116929412,334580,326.73828125,0.3190803527832031,20.91125,299208.59219369636
2000,1,0.000200001522898674,3.117099986411631,1.7589000053703785,0.680199998896569,0.832799996715039,6.389199988916516,3.117099986411631,0.832799996715039,334284,326.44921875,0.3187980651855469,20.89275,313028.2356898271
2000,2,0.000200001522898674,3.2261000014841557,2.494799962732941,0.646800035610795,1.1810999712906778,7.548999972641468,3.2261000014841557,1.1810999712906778,334332,326.49609375,0.3188438415527344,20.89575,264935.75404003885
2000,3,0.000200001522898674,3.3212999696843326,2.0525000290945172,0.5620999727398157,0.9564000065438449,6.892499979585409,3.3212999696843326,0.9564000065438449,334179,326.3466796875,0.3186979293823242,20.8861875,290170.47601359617
2000,4,0.00029994407668709755,3.2550000469200313,1.9483999931253493,0.5153999663889408,0.8645000052638352,6.583599955774844,3.2550000469200313,0.8645000052638352,334472,326.6328125,0.31897735595703125,20.9045,303785.1651733013
2000,5,0.00039994483813643456,3.1072000274434686,1.7161999712698162,0.5288000102154911,0.8514000219292939,6.203999975696206,3.1072000274434686,0.8514000219292939,334133,326.3017578125,0.31865406036376953,20.8833125,322372.66406107007
2000,6,0.000200001522898674,3.0870000482536852,1.7236999701708555,0.49539998872205615,0.8622999885119498,6.168599997181445,3.0870000482536852,0.8622999885119498,334287,326.4521484375,0.3188009262084961,20.8929375,324222.67628211254
2000,7,0.000100000761449337,3.847300016786903,2.0930999889969826,0.630199967417866,0.970900000538677,7.541599974501878,3.847300016786903,0.970900000538677,334182,326.349609375,0.31870079040527344,20.886375,265195.71533388045
2000,8,0.000400003045797348,3.0923999729566276,1.93349999608472,0.5056000081822276,0.831899989861995,6.3637999701313674,3.0923999729566276,0.831899989861995,334448,326.609375,0.3189544677734375,20.903,314277.63433593814
2000,9,0.000200001522898674,3.347699996083975,2.534099970944226,0.5120999994687736,0.8437000215053558,7.237799989525229,3.347699996083975,0.8437000215053558,334435,326.5966796875,0.3189420700073242,20.9021875,276327.06110896444
2000,10,0.000200001522898674,3.0586999491788447,1.6652000485919416,0.48129999777302146,0.8346999529749155,6.040099950041622,3.0586999491788447,0.8346999529749155,334153,326.3212890625,0.31867313385009766,20.8845625,331120.34842837625
2000,11,0.000100000761449337,3.0687000253237784,2.2686999873258173,0.6342999986372888,1.0606999858282506,7.0324999978765845,3.0687000253237784,1.0606999858282506,334501,326.6611328125,0.31900501251220703,20.9063125,284393.8856173319
2000,12,0.000300002284348011,3.564300015568733,1.9894000142812729,0.6824999582022429,0.8459000382572412,7.082400028593838,3.564300015568733,0.8459000382572412,334367,326.5302734375,0.3188772201538086,20.8979375,282390.1490914636
2000,13,0.000300002284348011,3.12920002033934,2.0530999754555523,0.678699987474829,1.1094000074081123,6.970699992962182,3.12920002033934,1.1094000074081123,334388,326.55078125,0.3188972473144531,20.89925,286915.2311847099
2000,14,0.000500003807246685,3.7408999633044004,1.7991000204347074,0.6913999677635729,0.8620000444352627,7.09389999974519,3.7408999633044004,0.8620000444352627,334278,326.443359375,0.31879234313964844,20.892375,281932.36443590117
2000,15,0.000200001522898674,3.523399995174259,5.073399981483817,1.2939000152982771,1.1280999751761556,11.018999968655407,3.523399995174259,1.1280999751761556,334406,326.568359375,0.31891441345214844,20.900375,181504.67426165624
2000,16,0.001200009137392044,3.9108999771997333,4.271400044672191,0.6755000213161111,0.8514000219292939,9.710400074254721,3.9108999771997333,0.8514000219292939,334187,326.3544921875,0.31870555877685547,20.8866875,205964.7372617138
2000,17,0.000300002284348011,3.3088999916799366,0.8719000034034252,0.7930999854579568,1.0579000227153301,6.032100005540997,3.3088999916799366,1.0579000227153301,333288,325.4765625,0.31784820556640625,20.8305,331559.4897569387
2000,18,0.000400003045797348,3.7416000268422067,1.9595000194385648,0.5629999795928597,0.887200003489852,7.1517000324092805,3.7416000268422067,0.887200003489852,334430,326.591796875,0.3189373016357422,20.901875,279653.7873423972
2000,19,0.000200001522898674,3.098200017120689,1.9423000048846006,0.6439000135287642,0.9578999597579241,6.642499996814877,3.098200017120689,0.9578999597579241,334450,326.611328125,0.3189563751220703,20.903125,301091.45667429635
5000,0,0.010100018698722124,6.4067000057548285,3.683699993416667,1.524799969047308,1.7822000081650913,13.407499995082617,6.4067000057548285,1.7822000081650913,668531,652.8623046875,0.6375608444213867,16.713275,372925.6014793077
5000,1,0.000300002284348011,6.651200004853308,4.036600003018975,1.574800000526011,1.714400015771389,13.977300026454031,6.651200004853308,1.714400015771389,668734,653.060546875,0.6377544403076172,16.71835,357722.8785628689
5000,2,0.000300002284348011,7.424800016451627,3.2876000041142106,1.3791000237688422,1.7337999888695776,13.825600035488605,7.424800016451627,1.7337999888695776,668371,652.7060546875,0.6374082565307617,16.709275,361647.95648403093
5000,3,0.000300002284348011,7.536799996159971,3.9251999696716666,1.4211999950930476,1.729500014334917,14.61299997754395,7.536799996159971,1.729500014334917,668524,652.85546875,0.6375541687011719,16.7131,342161.0899667136
5000,4,0.000300002284348011,6.931600044481456,3.672500024549663,1.3678999966941774,1.744000008329749,13.716300076339394,6.931600044481456,1.744000008329749,668245,652.5830078125,0.6372880935668945,16.706125,364529.7909911577
5000,5,0.000400003045797348,7.116699998732656,4.969200002960861,1.9403999904170632,2.355900011025369,16.382600006181747,7.116699998732656,2.355900011025369,668502,652.833984375,0.6375331878662109,16.71255,305201.86039537797
5000,6,0.000400003045797348,7.363599957898259,3.6971000372432172,1.825300045311451,1.8165000365115702,14.702900080010295,7.363599957898259,1.8165000365115702,668814,653.138671875,0.6378307342529297,16.72035,340068.96413571347
5000,7,0.000400003045797348,10.411900002509356,4.213000007439405,1.4948000316508114,1.8221999634988606,17.94230000814423,10.411900002509356,1.8221999634988606,668565,652.8955078125,0.6375932693481445,16.714125,278671.0732587483
5000,8,0.000400003045797348,7.885300030466169,5.850899964570999,1.5814999933354557,2.544199989642948,17.86229998106137,7.885300030466169,2.544199989642948,668824,653.1484375,0.6378402709960938,16.7206,279919.15964356693
5000,9,0.000600004568696022,8.191999979317188,3.8992000045254827,1.3750999933108687,1.864299993030727,15.331199974752963,8.191999979317188,1.864299993030727,668420,652.75390625,0.6374549865722656,16.7105,326132.3319918777
5000,10,0.000300002284348011,6.680799997411668,3.86110000545159,1.416900020558387,1.7690000240691006,13.728100049775094,6.680799997411668,1.7690000240691006,668470,652.802734375,0.6375026702880859,16.71175,364216.45980660775
5000,11,0.000300002284348011,7.983200019225478,4.60629997542128,1.3892999850213528,1.8951999954879284,15.874299977440387,7.983200019225478,1.8951999954879284,668460,652.79296875,0.6374931335449219,16.7115,314974.51900907146
5000,12,0.000900006853044033,7.420599984470755,3.8622000138275325,1.4779000193811953,1.9111000001430511,14.672700024675578,7.420599984470755,1.9111000001430511,668497,652.8291015625,0.6375284194946289,16.712425,340768.9103976317
5000,13,0.000400003045797348,7.2169000050053,4.158299998380244,1.4323000214062631,1.8882000003941357,14.69610002823174,7.2169000050053,1.8882000003941357,668378,652.712890625,0.6374149322509766,16.70945,340226.31789351045
5000,14,0.000500003807246685,7.157399959396571,4.2354000033810735,1.5567999798804522,1.8242000369355083,14.774299983400851,7.157399959396571,1.8242000369355083,668836,653.16015625,0.6378517150878906,16.7209,338425.50954140467
5000,15,0.000400003045797348,6.859399960376322,4.52940003015101,1.429299998562783,1.8569999956525862,14.675499987788498,6.859399960376322,1.8569999956525862,668681,653.0087890625,0.6377038955688477,16.717025,340703.89452901133
5000,16,0.0004999455995857716,10.06020000204444,7.060100033413619,2.315299992915243,2.27870000526309,21.714799979235977,10.06020000204444,2.27870000526309,668574,652.904296875,0.6376018524169922,16.71435,230257.70464296592
5000,17,0.001100008375942707,7.9666999517939985,5.817099998239428,2.230999991297722,2.341900020837784,18.357799970544875,7.9666999517939985,2.341900020837784,668977,653.2978515625,0.6379861831665039,16.724425,272363.7913051951
5000,18,0.000700005330145359,7.894499984104186,6.023699999786913,2.028999966569245,2.162999997381121,18.11089995317161,7.894499984104186,2.162999997381121,668817,653.1416015625,0.6378335952758789,16.720425,276076.8384193074
5000,19,0.000900006853044033,7.08950002444908,4.794199950993061,1.8322999821975827,1.9842000328935683,15.701099997386336,7.08950002444908,1.9842000328935683,668762,653.087890625,0.6377811431884766,16.71905,318449.02591744007
