num_threads,trial,total_time_s,avg_latency_ms,median_latency_ms,clean_avg_latency_ms,min_latency_ms,max_latency_ms,std_latency_ms,throughput_vectors_per_sec,num_vectors,num_outliers
1,0,0.35302850004518405,3.497334999847226,3.254700015531853,3.4792404039762914,2.9528000159189105,5.288699991069734,0.5828366463692328,283.2632492481514,100,1
1,1,0.38904399995226413,3.8466759957373142,3.5797499876935035,3.804938379096601,2.9885999974794686,7.978700043167919,0.7469459187030124,257.040334800871,100,1
1,2,0.37483360001351684,3.7069219967816025,3.479949984466657,3.7069219967816025,3.0465999734587967,5.411599995568395,0.578835890903572,266.78504807571653,100,0
1,3,0.3548325999872759,3.4969059977447614,3.3161000174004585,3.449827832885125,3.0520999571308494,5.10860001668334,0.45058766784388415,281.82303430853295,100,3
1,4,0.3521855999715626,3.48797699669376,3.229399968404323,3.447547955889901,2.97510001109913,5.656299996189773,0.5454429456569967,283.94119466575165,100,2
1,5,0.35686310002347454,3.537584996665828,3.2925999839790165,3.521118178432149,2.9836000176146626,5.16780000180006,0.5353108778926227,280.21950152151334,100,1
2,0,0.35051799996290356,6.780582000501454,3.347249992657453,6.483566667414223,2.948499983176589,36.18509997613728,6.86324234433989,285.2920535053359,100,1
2,1,0.36427780002122745,6.906278001260944,3.5457500198390335,6.906278001260944,2.9417999903671443,22.003499965649098,6.436165808601891,274.5157678951963,100,0
2,2,0.36565620003966615,6.9399190007243305,3.630300023360178,6.9399190007243305,3.0019000405445695,22.664999996777624,6.411598815494746,273.48093643469485,100,0
2,3,0.3839556999737397,7.361148997442797,3.6843499983660877,7.083347472338702,2.9504999984055758,34.86349998274818,7.162419478193965,260.4467130110047,100,1
2,4,0.36492409999482334,6.8814630032284185,3.445899987127632,6.6025585889806875,3.099700028542429,34.49300001375377,6.749778505348318,274.0295858821562,100,1
2,5,0.36810439999680966,7.01188099978026,3.5740999737754464,6.719157575380358,2.9445000109262764,35.99150001537055,6.824656850970955,271.66206109154547,100,1
4,0,0.3551356000243686,11.242477998603135,3.3496499818284065,8.322042266636625,2.997600007802248,127.93319998309016,21.158009888784797,281.58258421047685,100,3
4,1,0.37509340001270175,12.655189995421097,3.5550499742385,8.851289686137214,3.0660000047646463,185.62840000959113,26.50590936667888,266.6002654181964,100,3
4,2,0.39630109997233376,11.971585000865161,3.886000020429492,8.056715464449882,3.1208000145852566,193.90800001565367,25.946401507150565,252.33338995773948,100,3
4,3,0.37460880004800856,12.51803699939046,3.649449994554743,10.026303060561876,2.9991999617777765,140.34139999421313,24.003460870688066,266.94514380651054,100,2
4,4,0.4200290000298992,14.840592998662032,4.274550010450184,11.501235712785274,3.1020999886095524,185.3897999972105,29.24777036767936,238.07879930405196,100,2
4,5,0.41986620001262054,14.87152099783998,4.318099992815405,12.419503028128258,3.1302999705076218,257.6212999993004,30.72302175796083,238.17111259966663,100,1
8,0,0.41396570001961663,20.89904900523834,4.393700044602156,10.977518755680649,3.0013000359758735,307.2031000046991,53.04578114801028,241.56590750214642,100,4
8,1,0.43213400000240654,16.66598699928727,4.5700499904342,11.448035050860424,3.118000051472336,222.2817000001669,35.90386978946466,231.409701619042,100,3
8,2,0.4292362999985926,16.424481000867672,4.512700019404292,12.277983673681904,3.0743000097572803,257.8161000274122,35.64518853929802,232.97190848101124,100,2
8,3,0.4411756999907084,13.694373000762425,4.7435000305995345,11.637485859506397,3.0899999546818435,217.32619998510927,26.853528561509112,226.66706258324314,100,1
8,4,0.4157132999971509,10.664168995572254,4.346500005340204,7.701002057766561,3.063799988012761,129.06020000809804,19.2722557217133,240.55039855757647,100,3
8,5,0.431076499982737,19.524686000077054,4.4709499925374985,14.408295876322525,3.1020999886095524,260.39339997805655,40.175123264861504,231.97738685362023,100,3
12,0,0.4407842000364326,12.260025999275967,4.553700011456385,8.477787627627324,3.0407000449486077,139.9004000122659,24.160747103309028,226.86838591704193,100,3
12,1,0.4207334999809973,12.357289999490604,4.304650006815791,8.594266326066904,3.110299992840737,238.67739998968318,29.79804426485991,237.68014670692153,100,2
12,2,0.41759269998874515,12.427866997895762,4.3711500184144825,8.547505151994104,3.109099983703345,156.73620003508404,25.822396473737385,239.46778763779915,100,3
12,3,0.44334080000407994,17.607677002088167,4.732650006189942,12.694234022457804,3.0394999776035547,253.35979997180402,37.40837110703204,225.56011086522992,100,3
12,4,0.41687529999762774,13.575845001614653,4.34399998630397,9.188617526832008,3.1593000167049468,212.2788000269793,30.18206436739542,239.87988734417476,100,3
12,5,0.42988729994976893,13.394622000632808,4.372649971628562,8.761676041710112,3.0838000238873065,154.83330003917217,27.04570769458198,232.61910740718488,100,4
16,0,0.45128470001509413,10.15865300083533,4.681649996200576,7.02479793918175,3.1495000002905726,176.70640000142157,20.825950996063753,221.58960850357946,100,3
16,1,0.4391398999723606,11.334607999888249,4.578900028718635,8.505696907265055,3.0716999899595976,132.7941999770701,19.80990004556227,227.71786395700775,100,3
16,2,0.4162159000406973,9.95919500302989,4.257649998180568,6.610547371306702,3.015300026163459,98.20810001110658,16.823782656453105,240.25992277138397,100,5
16,3,0.43226440000580624,11.35926199844107,4.473999986657873,8.339032651357618,3.074500011280179,213.36090000113472,25.753827579995907,231.3398928957758,100,2
16,4,0.4295387999736704,11.56076800194569,4.460700001800433,8.834232992646237,3.084900032263249,109.03049999615178,20.339769615251544,232.80783949233395,100,3
16,5,0.43644369998946786,14.399213998694904,4.506900004344061,8.660348958073882,3.136000013910234,184.12319995695725,30.908061424274457,229.12462707655803,100,4
