poly_degree,trial,encryption_time_ms,decryption_time_ms,total_time_ms,ciphertext_size_kb,mse,data_size
4096,0,2.409400010947138,0.40389999048784375,2.813300001434982,79.0,3.613165270379437e-19,300
4096,1,1.7644999898038805,0.42589998338371515,2.1903999731875956,78.9990234375,3.815509052884199e-19,300
4096,2,1.4921000110916793,0.42919995030388236,1.9212999613955617,79.142578125,3.2434725739576486e-19,300
4096,3,1.8595000146888196,0.30989997321739793,2.1693999879062176,79.0595703125,4.640321805375163e-19,300
4096,4,1.7663000035099685,0.30830001924186945,2.074600022751838,78.9736328125,4.2046558707325034e-19,300
4096,5,1.485800021328032,0.5107999895699322,1.9966000108979642,78.97265625,4.370163482981549e-19,300
4096,6,1.9720999989658594,0.3060000017285347,2.278100000694394,79.076171875,4.1091165795307636e-19,300
4096,7,1.345900003798306,0.3513999981805682,1.6973000019788742,79.0029296875,4.200073165542966e-19,300
4096,8,1.3588000438176095,0.40580000495538116,1.7646000487729907,79.0546875,3.9874550764066207e-19,300
4096,9,1.594299974385649,0.37789996713399887,1.9721999415196478,79.0576171875,3.8982637679299207e-19,300
4096,10,1.5981000033207238,0.345999957062304,1.9440999603830278,78.927734375,4.586173684965193e-19,300
4096,11,1.5722000389359891,0.49840001156553626,2.0706000505015254,79.0400390625,4.146944161543417e-19,300
4096,12,1.6097999759949744,0.37349999183788896,1.9832999678328633,79.0263671875,3.8707730059022284e-19,300
4096,13,1.811699999962002,0.497399945743382,2.309099945705384,78.986328125,4.034184845321275e-19,300
4096,14,1.8823999562300742,0.5243000341579318,2.406699990388006,79.150390625,4.585669216009895e-19,300
4096,15,1.8887000042013824,0.48290000995621085,2.3716000141575933,78.9814453125,3.782179665675569e-19,300
4096,16,1.713800011202693,0.31750003108754754,2.0313000422902405,78.955078125,3.2964817601733444e-19,300
4096,17,1.4700000174343586,0.3114000428467989,1.7814000602811575,78.955078125,4.3357363601118987e-19,300
4096,18,1.4797000330872834,0.39250002009794116,1.8722000531852245,79.0908203125,4.236223891443985e-19,300
4096,19,1.4241000171750784,0.5097000394016504,1.9338000565767288,79.0478515625,4.3008958169865487e-19,300
8192,0,5.63600001623854,1.4144000015221536,7.050400017760694,326.4189453125,1.54961495754013e-18,300
8192,1,5.487100046593696,0.9952000109478831,6.482300057541579,326.60546875,1.2827778295746164e-18,300
8192,2,3.232999995816499,0.8858999935910106,4.11889998940751,326.4365234375,1.77592907028664e-18,300
8192,3,4.8183000180870295,1.4477999648079276,6.266099982894957,326.310546875,1.4727311441921543e-18,300
8192,4,4.8451999900862575,1.7328000394627452,6.578000029549003,326.3427734375,1.222762291500681e-18,300
8192,5,5.817199999000877,1.4355999883264303,7.2527999873273075,326.1513671875,1.4722180085559794e-18,300
8192,6,4.8655999707989395,1.3704999582841992,6.236099929083139,326.50390625,1.4945605506711727e-18,300
8192,7,4.822999995667487,1.6233999631367624,6.44639995880425,326.6484375,1.5133420991940958e-18,300
8192,8,4.830299993045628,1.0543999960646033,5.884699989110231,326.4375,1.5030602119461417e-18,300
8192,9,3.353400039486587,1.4412999735213816,4.794700013007969,326.572265625,1.1378273454956906e-18,300
8192,10,4.890499985776842,1.4963000430725515,6.386800028849393,326.5712890625,1.3577810988788658e-18,300
8192,11,4.610300005879253,1.4890999882481992,6.099399994127452,326.6044921875,1.5349415575514496e-18,300
8192,12,5.493999982718378,1.3772000093013048,6.871199992019683,326.689453125,1.4173750694867074e-18,300
8192,13,4.122300015296787,0.9222000371664762,5.044500052463263,325.5107421875,1.2981230099837394e-18,300
8192,14,3.2562999986112118,0.9292000322602689,4.185500030871481,326.3427734375,1.182139818036081e-18,300
8192,15,4.372099996544421,1.2080000014975667,5.580099998041987,326.5322265625,1.2017831226801569e-18,300
8192,16,3.2363999634981155,1.1419000220485032,4.378299985546619,326.6015625,1.392596847820248e-18,300
8192,17,4.790299979504198,1.4606000040657818,6.25089998356998,326.1669921875,1.498765585503243e-18,300
8192,18,3.6567000206559896,0.9128999663516879,4.5695999870076776,326.6669921875,1.1893583506218835e-18,300
8192,19,4.231200029607862,0.9175999439321458,5.148799973540008,326.5810546875,1.6220830397150186e-18,300
16384,0,9.333499998319894,2.28020001668483,11.613700015004724,716.36328125,7.199133233603497e-18,300
16384,1,8.121499966364354,1.9121000077575445,10.033599974121898,716.2666015625,7.236121821299001e-18,300
16384,2,6.901799992192537,2.196400018874556,9.098200011067092,716.380859375,7.964393632933992e-18,300
16384,3,9.46749997092411,3.2500000088475645,12.717499979771674,716.375,6.711206245364193e-18,300
16384,4,8.349900017492473,1.921999966725707,10.27189998421818,716.2197265625,7.296402935437493e-18,300
16384,5,8.810800034552813,1.9193000043742359,10.730100038927048,716.27734375,5.895986743128526e-18,300
16384,6,9.152600017841905,2.7017000247724354,11.85430004261434,716.3173828125,5.7878732295926755e-18,300
16384,7,12.3611000017263,3.0954000540077686,15.456500055734068,716.322265625,5.990921417024974e-18,300
16384,8,9.539199993014336,2.434499969240278,11.973699962254614,716.4033203125,6.5660799328589935e-18,300
16384,9,8.051700016949326,3.3531999797560275,11.404899996705353,716.3017578125,6.190152718372451e-18,300
16384,10,9.887200023513287,2.785600023344159,12.672800046857446,716.3154296875,7.6118854697321e-18,300
16384,11,7.890000008046627,1.893300039228052,9.783300047274679,716.443359375,7.045929260740864e-18,300
16384,12,7.331900007557124,2.318000013474375,9.649900021031499,716.3134765625,8.06042924290972e-18,300
16384,13,6.8091999855823815,2.6316000148653984,9.44080000044778,716.3701171875,7.074908958696586e-18,300
16384,14,7.831200025975704,2.5604000547900796,10.391600080765784,716.42578125,6.619003664099105e-18,300
16384,15,8.202700002584606,2.253500046208501,10.456200048793107,716.4033203125,4.781850429114944e-18,300
16384,16,7.9483999870717525,3.0246000387705863,10.973000025842339,716.2705078125,5.931265497573111e-18,300
16384,17,8.414099982474,2.7192000416107476,11.133300024084747,716.3427734375,7.843237424573474e-18,300
16384,18,9.587499953340739,2.1900999709032476,11.777599924243987,716.3828125,7.134698593201389e-18,300
16384,19,8.012200007215142,2.0532000344246626,10.065400041639805,716.4140625,6.201019336459029e-18,300
