metric_id,paper_value,unit,platform,data_type,definition_in_original_code,paper_location,code_location,comparable_measured_metric,notes
enc_latency_desktop_n8192,4.52,ms,desktop i7-10700K (measured),300-dim embedding,"time of ts.ckks_vector(ctx, data) only; excludes serialization",Abstract; Sec 5.1; Table 1; Fig 2a,docs/FINAL_RESULTS_SUMMARY.md:116-117 (exp3_encryption_vs_poly_degree results),pi_enc_latency_n8192,"Desktop measurement. Pi vs this value tests the desktop->ARM gap directly, not the simulation."
enc_latency_desktop_n16384,8.60,ms,desktop i7-10700K (measured),300-dim embedding,"time of ts.ckks_vector(ctx, data) only",Sec 5.1; Fig 2a,docs/FINAL_RESULTS_SUMMARY.md:116-117 (exp3_encryption_vs_poly_degree results),pi_enc_latency_n16384,
ciphertext_size_n8192,326.4,KB,any,300-dim embedding,len(ckks_vector.serialize()) / 1024,Table 1,experiments/edge_device_simulation.py:219,pi_ciphertext_size_n8192,Deterministic given params; expected to converge exactly.
e2e_local_pipeline_desktop,35.48,ms,desktop i7-10700K (measured),300-dim embedding from text,NO NETWORK: FastText embed + encrypt + serialize + deserialize + decrypt + autoencoder,Abstract (35.48); Table 1 / Sec 5.2 (35),experiments/comprehensive_realtime_analysis.py:258,pi_local_crypto_pipeline,Not a network latency. Pi equivalent must use the same stages (synthetic embedding replaces FastText).
throughput_table1,179,samples/s,desktop (unverified),unverified,UNVERIFIED: hardcoded in data/ckks_healthcare_literature_comparison.csv; closest raw match is a desktop threading run (~179.65),Table 1; Sec 5.2,data/ckks_healthcare_literature_comparison.csv:2,TBD,Definition must be confirmed before a convergence verdict is meaningful.
throughput_enc_single_thread_desktop,275.5,vectors/s,desktop i7-10700K (measured),300-dim embedding,encryption-only throughput with 1 thread,Sec 3,docs/FINAL_RESULTS_SUMMARY.md,pi_enc_throughput_single_thread,
enc_latency_lowend_embedding,6.90,ms,simulated low-end (desktop x 2),300-dim embedding,desktop ts.ckks_vector time / cpu_scale(0.5),Sec 6 text; Fig 3a,experiments/edge_device_simulation.py:209,pi_enc_latency_n8192,Primary test of the 50% perf-scale model.
network_lowend_embedding,75.12,ms,simulated 50 Mbps / 20 ms WiFi,300-dim embedding,"size/(50e6/8) + N(20, 5) ms; one-way, no response",Sec 6 (network share); LaTeX source,experiments/edge_device_simulation.py:139,pi_network_oneway / pi_network_rtt,Simulation models one-way only; real RTT includes ACK return.
e2e_lowend_embedding,82.02,ms,simulated low-end + simulated WiFi,300-dim embedding,encryption (scaled) + simulated network; excludes serialization,Sec 6 text; Fig 3b,experiments/edge_device_simulation.py:226,pi_e2e_rtt / pi_e2e_oneway,
throughput_lowend_embedding,12.19,samples/s,simulated low-end + simulated WiFi,300-dim embedding,1000 / mean(total_ms); sequential,Sec 6; Fig 3c,experiments/edge_device_simulation.py:244,pi_throughput_sequential,
enc_latency_lowend_avg4,7.24,ms,simulated low-end,mean over 4 data types,mean of avg_encryption_ms over embedding/vitals/ECG300/ECG500,Table 3,experiments/edge_device_simulation.py:517,pi_enc_latency_avg4,
e2e_lowend_avg4,81.12,ms,simulated low-end + simulated WiFi,mean over 4 data types,mean of avg_total_ms over 4 data types,Table 3,experiments/edge_device_simulation.py:516,pi_e2e_avg4,
cpu_cycles_lowend_embedding,41.4e6,cycles,simulated low-end,300-dim embedding,time x 1.5 GHz x 4 cores (assumes all cores busy),Fig 3d (~0.04 B),experiments/edge_device_simulation.py:132,pi_cpu_cycles_perf,"LaTeX draft says '41.4 billion' — arithmetic gives 41.4 million, matching Fig 3d. Pi can measure real cycles via perf counters."
reconstruction_fidelity_avg3,99.72,%,desktop (hardcoded in plotting script),300-dim embedding,"mean of hardcoded quality [99.96 (N4096), 99.86 (N8192), 99.33 (N16384)]",Abstract; Sec 5.1; Fig 2b,experiments/fhe_comparison_graphs.py:118,pi_reconstruction_fidelity,Average across 3 poly degrees; exact 'quality %' formula not in plotting script - confirm before comparing.
reconstruction_fidelity_n8192,99.86,%,desktop (hardcoded in plotting script),300-dim embedding,hardcoded quality for N8192,Fig 2b (Poly 8192 bar),experiments/fhe_comparison_graphs.py:118,pi_reconstruction_fidelity_n8192,Primary fidelity reference for the N8192 config used on the Pi.
mse_n4096,4.06e-19,MSE,desktop (measured),300-dim embedding,MSE plaintext vs decrypted at N4096,Sec 5.1,experiments/fhe_comparison_graphs.py:115; docs/FINAL_RESULTS_SUMMARY.md:115,pi_mse_n4096,Paper reports as lower end of range; it is the N4096 value.
mse_n16384,6.76e-18,MSE,desktop (measured),300-dim embedding,MSE plaintext vs decrypted at N16384,Sec 5.1,experiments/fhe_comparison_graphs.py:115; docs/FINAL_RESULTS_SUMMARY.md:117,pi_mse_n16384,Paper reports as upper end of range; it is the N16384 value.
mse_n8192,1.41e-18,MSE,desktop (measured),300-dim embedding,MSE plaintext vs decrypted at N8192,not in paper text (source docs only),docs/FINAL_RESULTS_SUMMARY.md:116,pi_mse_n8192,Primary MSE reference for N8192; compare order of magnitude.
realtime_threshold,100,ms,criterion,all,end-to-end latency < 100 ms,Sec 5; Table 3,edge_device_simulation.py:509,pi_e2e_rtt < 100,Pass/fail criterion rather than a +/-20% comparison.
